robot_id,serial_number,model,manufacturer,robot_type,manufacture_date,installation_date,operational_status,max_payload_kg,max_speed_mps,battery_capacity_wh,sensor_type,software_version,home_zone,color,weight_kg,height_cm,width_cm,maintenance_cycle_days,total_operational_hours
106626,SN1416849,AMR-200,Boston Dynamics,Sorter,2019-07-31,2019-10-26,Active,1443.5,2.77,10724,Ultrasonic,v2.0.6,Zone-B,Blue,481.3,170,125,60,5395.7
108924,SN8384552,AGV-Pro,Locus Robotics,Cobotic Arm,2018-06-19,2018-08-07,Active,678.6,3.47,8676,LiDAR,v4.2.6,Zone-A,Orange,422.8,65,75,90,12284.4
117571,SN2451176,HeavyLifter,GreyOrange,AMR,2021-12-12,2022-04-27,Active,275.4,3.29,10575,LiDAR,v3.4.6,Zone-B,Grey,57.7,135,72,90,13325.2
119450,SN7744175,NavBot-V2,Geek+,Sorter,2022-07-11,2022-10-31,Idle,329.3,2.01,7116,LiDAR,v2.3.0,Zone-B,Orange,412.8,177,64,90,5986.5
120440,SN6588597,SortBot-X,Locus Robotics,Sorter,2024-12-03,2025-05-06,Active,147.3,2.1,5726,Stereo Camera,v3.8.7,Zone-B,Yellow,232.9,123,63,30,14879.6
120523,SN3590693,NavBot-V2,Locus Robotics,AMR,2024-02-03,2024-06-17,Active,5.8,1.44,4005,LiDAR,v2.6.2,Zone-C,White,293.9,183,91,90,1335.8
127736,SN4812484,NavBot-V2,Boston Dynamics,Palletizer,2024-05-31,2024-07-22,Decommissioned,650.8,2.82,11076,LiDAR,v2.1.17,Zone-G,Yellow,529.8,173,51,180,203.5
131223,SN2060594,AGV-Pro,GreyOrange,AGV,2022-08-05,2022-09-14,Decommissioned,1155.0,2.79,8427,Stereo Camera,v5.5.12,Zone-B,White,413.2,70,132,60,2222.2
133536,SN9881056,AMR-500,Boston Dynamics,Cobotic Arm,2020-05-31,2020-09-01,Under Maintenance,1101.5,3.03,2447,Stereo Camera,v4.5.10,Zone-C,Grey,101.8,149,96,90,2816.6
133671,SN3145046,PalletBot,Fetch Robotics,Palletizer,2020-11-25,2021-03-07,Reserved,53.1,3.19,11492,Ultrasonic,v5.6.1,Zone-B,Yellow,86.2,87,140,30,15821.9
137452,SN3778104,PickBot-3,Locus Robotics,AGV,2018-10-24,2018-12-29,Idle,857.1,1.8,898,Fusion,v3.8.8,Zone-F,Yellow,173.0,137,95,30,7655.4
139423,SN5525873,AMR-500,Locus Robotics,Sorter,2020-10-17,2021-03-13,Idle,235.7,2.8,7132,ToF,v2.7.12,Zone-A,White,177.0,121,73,365,4956.0
152472,SN7051423,AMR-200,Boston Dynamics,AMR,2020-05-19,2020-09-13,Idle,1411.9,2.92,2448,LiDAR,v4.3.2,Zone-A,Yellow,498.4,189,96,90,7729.1
157435,SN5547491,SortBot-X,GreyOrange,Sorter,2017-11-17,2018-04-08,Active,255.2,1.43,8039,LiDAR,v3.3.18,Zone-C,Yellow,166.9,198,56,90,7113.2
158460,SN5546251,AMR-500,GreyOrange,Cobotic Arm,2019-05-23,2019-07-08,Active,941.8,3.29,5069,Fusion,v3.1.8,Zone-E,White,708.9,133,130,60,5433.3
161127,SN6243798,NavBot-V2,Geek+,AMR,2021-07-19,2021-12-18,Active,492.7,0.78,5358,LiDAR,v5.4.7,Zone-F,Grey,191.5,145,119,365,2490.8
168708,SN8719267,AMR-200,Geek+,AGV,2020-07-29,2020-09-27,Idle,964.1,3.48,8124,Stereo Camera,v4.5.5,Zone-D,Grey,100.2,160,56,60,11809.9
171277,SN4555916,AMR-200,Geek+,AMR,2025-02-06,2025-05-14,Active,621.3,2.81,9122,Fusion,v5.5.1,Zone-E,Yellow,704.3,164,104,180,2467.5
171328,SN8489172,PalletBot,Boston Dynamics,AMR,2021-04-15,2021-07-19,Active,1140.7,0.78,4684,Fusion,v3.8.7,Zone-C,White,257.4,161,99,60,13959.9
174456,SN8082021,AMR-200,6 River Systems,AMR,2024-09-09,2025-02-09,Active,349.9,2.47,11972,Stereo Camera,v4.5.14,Zone-A,Yellow,357.6,185,62,30,3638.4
175999,SN9649056,AMR-200,GreyOrange,AMR,2019-04-25,2019-07-05,Active,1359.2,0.6,6081,ToF,v5.1.10,Zone-A,Yellow,768.5,217,53,90,13167.4
177350,SN9218382,PickBot-3,Locus Robotics,AMR,2023-01-20,2023-03-27,Active,752.8,2.81,2092,Stereo Camera,v4.1.13,Zone-A,Grey,757.2,192,123,30,14502.5
178884,SN8183620,NavBot-V2,Geek+,AMR,2021-10-28,2022-01-16,Under Maintenance,1135.4,2.9,275,Ultrasonic,v2.4.6,Zone-B,Yellow,580.5,81,69,90,2264.6
180325,SN3220525,AMR-200,Locus Robotics,Cobotic Arm,2020-01-04,2020-03-28,Under Maintenance,1275.3,2.31,2588,LiDAR,v2.7.4,Zone-C,Grey,83.1,136,97,60,1570.6
181042,SN7968676,AMR-500,GreyOrange,Cobotic Arm,2021-09-18,2021-11-14,Active,1498.2,3.07,8354,LiDAR,v3.7.17,Zone-B,Yellow,486.9,133,67,180,17092.8
181509,SN7628708,PalletBot,Geek+,Cobotic Arm,2024-07-17,2024-09-11,Active,339.8,0.79,6565,ToF,v2.2.14,Zone-D,Yellow,791.6,141,111,180,8340.2
182922,SN3605513,HeavyLifter,AutoStore,AMR,2020-09-15,2020-11-18,Active,433.9,1.33,4186,LiDAR,v5.8.11,Zone-C,Grey,759.1,144,45,180,11347.9
184759,SN7101745,AGV-Pro,AutoStore,Sorter,2018-01-23,2018-05-03,Idle,379.4,1.74,5880,ToF,v2.7.3,Zone-E,White,111.6,174,79,30,428.5
185225,SN3276723,AMR-200,GreyOrange,AGV,2020-02-01,2020-04-22,Under Maintenance,398.0,0.63,10089,Stereo Camera,v2.6.12,Zone-E,Yellow,334.9,127,100,180,5024.0
186751,SN5707813,AMR-200,GreyOrange,AMR,2024-09-12,2024-12-09,Active,875.8,1.84,6944,Fusion,v2.1.11,Zone-B,Yellow,273.0,102,88,365,9102.1
187503,SN8170746,AMR-200,6 River Systems,AMR,2023-11-01,2024-03-17,Idle,1490.3,1.3,885,Ultrasonic,v3.6.8,Zone-B,Blue,129.9,133,107,60,15953.1
193062,SN2696771,AMR-200,Boston Dynamics,Cobotic Arm,2024-07-30,2024-10-04,Active,1485.5,1.68,779,Stereo Camera,v4.4.7,Zone-D,White,565.0,196,59,60,4893.2
195528,SN4032575,SortBot-X,6 River Systems,AMR,2018-06-02,2018-11-15,Active,792.5,1.78,5888,Ultrasonic,v3.6.10,Zone-D,Orange,240.9,109,88,180,13955.7
196966,SN8157089,AMR-200,Locus Robotics,AGV,2019-09-16,2020-02-05,Reserved,960.3,3.14,4970,LiDAR,v4.5.4,Zone-B,Yellow,295.5,63,123,60,11923.2
197718,SN5084124,AGV-Pro,Fetch Robotics,Palletizer,2018-04-17,2018-06-12,Active,1290.7,1.31,10235,Stereo Camera,v5.5.14,Zone-B,Grey,99.6,216,76,90,2083.7
203076,SN9645635,SortBot-X,Fetch Robotics,AMR,2017-10-28,2018-01-13,Active,1399.7,3.18,7079,LiDAR,v5.8.13,Zone-E,Yellow,413.4,91,57,180,5287.8
206205,SN1071644,PickBot-3,AutoStore,AMR,2024-01-13,2024-03-10,Active,309.8,1.78,9130,Fusion,v5.4.14,Zone-D,Yellow,151.8,156,133,30,4289.2
206986,SN7496526,AMR-200,Fetch Robotics,Palletizer,2024-10-03,2024-12-12,Idle,795.2,1.48,7105,Ultrasonic,v3.6.1,Zone-A,Grey,362.7,188,125,90,7971.1
213652,SN8327783,PalletBot,Boston Dynamics,AGV,2018-12-04,2019-02-26,Decommissioned,1250.1,2.01,4274,Fusion,v5.2.13,Zone-C,Orange,140.4,103,114,90,11439.7
214819,SN9260739,SortBot-X,Boston Dynamics,AMR,2023-03-22,2023-05-10,Reserved,458.3,1.75,7956,Fusion,v2.1.19,Zone-G,Grey,764.5,114,127,60,7807.2
215302,SN2410788,SortBot-X,Fetch Robotics,Sorter,2021-11-17,2021-12-19,Active,662.5,1.27,7532,Fusion,v5.2.2,Zone-A,Orange,141.6,104,125,180,4409.2
216929,SN9857666,AMR-200,Boston Dynamics,Sorter,2018-04-03,2018-07-07,Active,1478.5,2.01,8698,LiDAR,v5.8.3,Zone-F,Yellow,431.9,83,122,60,12528.9
225777,SN4530503,AMR-200,6 River Systems,AGV,2024-06-02,2024-10-15,Idle,1477.6,0.96,2433,Fusion,v4.2.14,Zone-A,Grey,181.7,84,96,90,10524.6
225817,SN4168455,NavBot-V2,Fetch Robotics,Cobotic Arm,2024-04-03,2024-06-17,Active,1359.6,1.56,7770,Stereo Camera,v3.1.6,Zone-C,White,88.8,89,42,180,9352.5
226201,SN4199879,AMR-500,6 River Systems,AMR,2022-10-24,2023-04-01,Under Maintenance,1198.7,2.2,3568,Stereo Camera,v4.7.0,Zone-C,White,185.8,133,105,60,9984.0
226224,SN6744011,AMR-500,AutoStore,AMR,2020-09-17,2020-12-11,Idle,407.4,1.74,9524,Stereo Camera,v5.5.17,Zone-A,Grey,72.2,144,70,180,4002.0
227135,SN6933640,AGV-Pro,Locus Robotics,AGV,2023-06-06,2023-11-18,Active,484.7,2.97,9622,LiDAR,v5.1.1,Zone-G,Orange,137.3,62,125,30,12251.0
230071,SN5265394,PickBot-3,Fetch Robotics,AMR,2021-02-14,2021-04-20,Under Maintenance,823.2,1.27,7572,LiDAR,v5.1.2,Zone-C,Yellow,410.0,195,91,90,6981.1
236348,SN1639326,HeavyLifter,GreyOrange,Cobotic Arm,2025-01-12,2025-05-02,Active,843.4,3.41,11371,LiDAR,v3.8.15,Zone-H,Yellow,531.9,168,139,30,6548.8
237080,SN9879657,AMR-500,Fetch Robotics,Sorter,2018-01-27,2018-06-20,Active,760.7,2.85,6542,LiDAR,v4.1.6,Zone-B,Orange,97.3,71,105,90,2703.7
238860,SN2998923,NavBot-V2,Locus Robotics,AMR,2019-03-05,2019-04-12,Active,956.8,3.4,496,Stereo Camera,v4.1.10,Zone-F,Yellow,369.6,194,100,180,10747.1
244619,SN1844270,AMR-200,Zebra Tech,AGV,2024-09-20,2025-03-08,Active,615.4,3.01,7353,Fusion,v2.2.4,Zone-G,Grey,477.6,64,141,180,10851.9
244916,SN6376442,PickBot-3,Zebra Tech,AMR,2019-11-30,2020-02-22,Idle,1125.0,0.93,9376,ToF,v4.8.2,Zone-D,Grey,210.4,149,92,365,6132.0
245144,SN4711373,PickBot-3,6 River Systems,Sorter,2020-01-08,2020-04-21,Idle,503.7,2.08,1394,Stereo Camera,v5.5.19,Zone-B,Yellow,316.5,134,81,90,15478.7
248146,SN6540104,AMR-200,Boston Dynamics,AMR,2023-07-12,2023-11-13,Reserved,499.4,1.01,1434,Stereo Camera,v5.0.14,Zone-E,Yellow,85.3,140,80,180,15219.8
248706,SN8879850,AMR-200,Geek+,Cobotic Arm,2019-01-22,2019-05-28,Reserved,195.2,2.95,3423,Stereo Camera,v4.1.5,Zone-D,Grey,199.5,212,136,90,1971.9
249592,SN1875921,AGV-Pro,Geek+,AGV,2021-09-19,2021-10-22,Active,287.1,2.25,10162,LiDAR,v5.4.6,Zone-G,Blue,389.4,208,123,365,12513.7
250275,SN3556461,HeavyLifter,Locus Robotics,AGV,2019-09-07,2020-02-14,Active,1276.5,1.29,6423,Ultrasonic,v3.7.5,Zone-C,Orange,792.6,104,57,90,7095.1
253533,SN5649143,PickBot-3,Geek+,Cobotic Arm,2019-02-18,2019-06-21,Idle,672.2,3.29,11721,LiDAR,v2.5.19,Zone-B,Grey,797.1,152,94,180,17994.9
257666,SN8090134,NavBot-V2,Fetch Robotics,Cobotic Arm,2024-08-29,2025-02-24,Reserved,345.7,0.85,10501,ToF,v2.2.9,Zone-A,Yellow,784.3,213,80,60,4058.2
259095,SN6405786,PalletBot,Boston Dynamics,AGV,2019-03-18,2019-06-26,Active,1140.2,2.19,6747,Ultrasonic,v2.5.5,Zone-E,Orange,355.8,176,111,90,5056.6
261510,SN4445048,AGV-Pro,GreyOrange,Sorter,2018-05-14,2018-09-13,Active,833.2,2.66,8212,Stereo Camera,v2.2.18,Zone-H,Yellow,92.1,202,45,180,7963.5
262631,SN6490550,PalletBot,Fetch Robotics,Palletizer,2022-09-26,2022-12-31,Active,36.6,0.68,4105,Fusion,v5.4.8,Zone-A,Grey,279.2,129,118,60,4844.2
264294,SN9819805,AMR-200,Fetch Robotics,AGV,2023-12-26,2024-06-06,Active,478.0,2.29,1266,LiDAR,v5.1.13,Zone-E,White,213.0,105,121,60,12459.0
269402,SN5320481,AMR-200,6 River Systems,AGV,2018-07-11,2018-12-12,Idle,269.6,2.95,4905,Fusion,v4.6.4,Zone-G,Grey,40.9,141,64,365,8661.5
270524,SN8951767,PalletBot,Zebra Tech,AMR,2022-10-17,2023-04-01,Active,985.5,0.7,7188,ToF,v4.5.17,Zone-A,Yellow,103.3,190,56,90,3983.6
275174,SN8019605,PalletBot,GreyOrange,Sorter,2021-09-21,2022-01-04,Idle,416.2,2.04,2349,Ultrasonic,v2.5.16,Zone-A,Yellow,379.0,208,109,60,9119.7
279917,SN3711882,AMR-200,6 River Systems,AGV,2023-10-01,2024-02-26,Under Maintenance,102.1,1.28,2816,ToF,v3.6.1,Zone-E,Yellow,291.5,169,68,60,15999.3
281322,SN3245527,AGV-Pro,Zebra Tech,AGV,2018-09-18,2018-12-10,Under Maintenance,87.1,2.49,376,Ultrasonic,v4.5.3,Zone-D,Grey,168.9,173,143,90,14265.2
282126,SN7931737,PickBot-3,Fetch Robotics,AMR,2024-12-18,2025-03-27,Active,874.7,0.86,8861,Fusion,v2.6.4,Zone-A,White,581.4,141,125,90,8983.9
282464,SN2867317,PalletBot,Locus Robotics,Sorter,2022-03-13,2022-08-04,Active,37.5,3.31,10813,Stereo Camera,v3.0.19,Zone-F,Yellow,305.0,111,145,365,5200.0
293125,SN4031708,PickBot-3,Locus Robotics,AGV,2024-02-17,2024-03-30,Idle,1273.9,3.18,9963,Ultrasonic,v4.8.3,Zone-C,Orange,685.9,127,98,365,3246.2
304218,SN3118571,AGV-Pro,Fetch Robotics,Cobotic Arm,2020-04-24,2020-09-07,Under Maintenance,237.3,1.06,4683,ToF,v2.5.12,Zone-G,Orange,215.6,139,143,90,15812.1
304514,SN6457264,AMR-500,6 River Systems,AMR,2024-11-27,2024-12-29,Active,911.8,1.47,7202,Stereo Camera,v5.8.16,Zone-F,Yellow,444.6,190,41,90,12785.9
307192,SN3647257,AGV-Pro,Locus Robotics,Palletizer,2022-04-29,2022-08-24,Under Maintenance,669.8,2.26,11537,Fusion,v2.2.18,Zone-F,Yellow,171.8,148,71,60,10303.2
310545,SN6926326,PickBot-3,Locus Robotics,AMR,2018-08-31,2018-12-10,Active,667.1,2.65,7178,Stereo Camera,v4.7.11,Zone-C,Grey,411.4,186,40,180,15831.0
312809,SN9413596,PalletBot,Fetch Robotics,AMR,2024-07-27,2024-11-04,Under Maintenance,112.3,1.83,3691,Stereo Camera,v2.4.16,Zone-B,Orange,147.4,64,114,60,2199.2
314889,SN8466357,AGV-Pro,Fetch Robotics,Sorter,2023-08-13,2023-11-25,Active,1205.1,0.97,4195,LiDAR,v4.1.4,Zone-C,Grey,154.4,181,96,60,12288.0
315601,SN9531584,AMR-200,AutoStore,Palletizer,2019-12-11,2020-03-23,Active,1340.1,0.81,8780,LiDAR,v5.8.15,Zone-A,Orange,501.4,141,71,365,3908.7
319485,SN1220057,AMR-200,Fetch Robotics,AMR,2021-10-18,2022-01-17,Active,21.5,3.5,5465,Ultrasonic,v2.5.16,Zone-D,White,233.1,219,73,180,2179.2
320932,SN5099097,SortBot-X,Boston Dynamics,AGV,2020-08-11,2020-11-16,Active,272.0,1.87,10080,Stereo Camera,v4.5.9,Zone-A,White,162.7,135,110,60,8386.3
330368,SN2981420,PalletBot,Boston Dynamics,Cobotic Arm,2021-09-18,2022-01-11,Active,1356.3,3.12,10396,Stereo Camera,v2.2.14,Zone-C,Blue,745.9,136,59,90,6979.2
335025,SN9260815,AMR-200,Locus Robotics,Sorter,2024-10-06,2025-02-27,Active,826.5,1.95,622,LiDAR,v2.0.7,Zone-A,White,63.1,80,96,90,16941.7
337172,SN7407259,AMR-200,GreyOrange,AGV,2024-05-11,2024-08-31,Active,229.3,3.27,8735,Stereo Camera,v5.5.11,Zone-B,White,465.2,189,107,60,5838.4
339282,SN3881988,PickBot-3,Locus Robotics,AGV,2019-04-03,2019-08-07,Idle,308.2,0.76,4565,Ultrasonic,v4.0.6,Zone-B,White,452.2,172,66,60,14670.1
340277,SN6071708,AMR-200,Fetch Robotics,Cobotic Arm,2024-10-12,2025-03-16,Active,991.7,0.84,6333,Fusion,v2.6.15,Zone-D,Orange,223.0,197,65,60,13481.4
345017,SN6448888,PalletBot,Boston Dynamics,Cobotic Arm,2020-10-04,2021-03-31,Idle,1088.6,3.29,3324,LiDAR,v3.2.6,Zone-F,White,378.6,74,78,90,12026.0
348262,SN5460445,AMR-500,AutoStore,Sorter,2023-02-06,2023-03-24,Under Maintenance,901.1,3.34,4545,Stereo Camera,v5.4.15,Zone-A,Blue,97.6,93,105,90,16568.0
348893,SN5269169,AMR-200,Geek+,AGV,2023-04-18,2023-09-01,Active,1430.0,1.44,4098,Stereo Camera,v3.6.10,Zone-F,Grey,585.4,200,67,90,7348.6
349083,SN1496889,NavBot-V2,Geek+,AMR,2021-05-29,2021-07-31,Active,743.6,1.57,794,ToF,v3.7.14,Zone-F,Orange,200.7,66,81,60,7020.2
349409,SN5072156,AMR-200,Geek+,Palletizer,2021-03-23,2021-05-21,Under Maintenance,453.9,1.86,9436,Stereo Camera,v5.8.4,Zone-B,Grey,178.9,141,99,365,2905.4
353110,SN4134482,AMR-500,6 River Systems,Sorter,2020-12-23,2021-05-20,Under Maintenance,718.5,1.75,1887,Stereo Camera,v2.5.6,Zone-D,White,272.5,124,60,90,4971.0
353245,SN8364252,AMR-200,Fetch Robotics,Sorter,2024-04-14,2024-05-24,Active,542.7,1.07,4634,Stereo Camera,v3.2.7,Zone-C,Grey,724.8,210,102,180,15837.2
356102,SN8785901,AMR-200,Locus Robotics,AMR,2020-06-08,2020-11-12,Under Maintenance,340.5,3.2,2477,Stereo Camera,v3.3.14,Zone-A,White,643.3,197,55,60,8544.1
359495,SN7753742,AMR-200,GreyOrange,AMR,2019-09-06,2020-01-29,Active,73.7,1.26,2095,Stereo Camera,v4.4.2,Zone-C,White,759.1,203,55,90,6150.9
361825,SN1278035,AMR-200,Boston Dynamics,Cobotic Arm,2020-03-11,2020-09-06,Active,531.6,2.62,4605,Stereo Camera,v4.1.6,Zone-A,Blue,532.0,106,66,180,3897.9
364234,SN8571042,AMR-200,AutoStore,AMR,2019-02-02,2019-06-12,Idle,1068.6,0.7,11041,Ultrasonic,v3.1.7,Zone-F,Yellow,540.4,154,71,60,8734.4
365277,SN4567925,AMR-200,Locus Robotics,Palletizer,2020-06-19,2020-11-26,Active,32.6,0.62,11340,ToF,v3.7.17,Zone-G,Orange,399.6,172,43,60,12902.8
369993,SN4747319,PickBot-3,6 River Systems,AGV,2018-09-19,2018-11-05,Idle,661.6,2.46,4704,LiDAR,v2.5.12,Zone-F,White,727.0,214,145,60,5167.6
371360,SN9506333,SortBot-X,AutoStore,Cobotic Arm,2018-03-22,2018-09-01,Active,967.8,1.52,6160,Ultrasonic,v3.4.15,Zone-D,Blue,423.4,61,73,60,13641.3
371961,SN8805659,AMR-500,GreyOrange,Sorter,2023-03-22,2023-05-15,Idle,917.6,2.47,11831,Fusion,v3.0.7,Zone-D,Blue,303.4,216,128,90,11339.9
373554,SN1457926,AMR-500,AutoStore,AGV,2018-05-13,2018-07-29,Active,1166.1,0.78,2971,LiDAR,v3.3.4,Zone-H,Orange,523.1,116,139,60,14178.3
375360,SN4238495,AGV-Pro,GreyOrange,AMR,2022-01-29,2022-03-19,Active,1216.7,3.35,11347,Stereo Camera,v2.8.2,Zone-B,Orange,450.5,80,128,60,4523.9
377800,SN7747351,NavBot-V2,AutoStore,Cobotic Arm,2023-07-15,2023-10-13,Active,1069.0,2.75,1447,LiDAR,v4.6.12,Zone-A,Yellow,125.5,158,131,90,11362.2
378959,SN5849623,PalletBot,Boston Dynamics,AGV,2022-12-25,2023-05-16,Active,158.7,3.13,2865,ToF,v5.0.6,Zone-D,Blue,332.4,185,51,30,2775.7
381129,SN3318513,AMR-200,Locus Robotics,AGV,2019-03-31,2019-06-09,Idle,715.2,0.91,4192,LiDAR,v2.5.12,Zone-B,Yellow,271.3,80,80,60,6554.7
384122,SN5722988,AMR-200,GreyOrange,Cobotic Arm,2024-06-25,2024-11-25,Active,907.1,1.46,637,ToF,v5.3.4,Zone-B,Orange,682.1,66,122,90,13041.2
385424,SN8799478,AMR-200,Fetch Robotics,Palletizer,2023-11-12,2024-03-11,Active,372.1,1.61,9825,LiDAR,v5.6.15,Zone-A,White,321.7,203,103,60,11373.7
388611,SN3009603,AMR-200,Locus Robotics,AGV,2018-04-21,2018-08-23,Active,68.6,2.11,10293,Stereo Camera,v3.4.7,Zone-D,Grey,662.6,209,40,60,3389.6
389093,SN7714611,PickBot-3,AutoStore,AMR,2017-10-18,2018-04-06,Active,339.3,1.39,4723,Fusion,v4.1.19,Zone-B,Yellow,370.6,85,102,60,15451.6
393242,SN7612847,AGV-Pro,Geek+,AGV,2020-01-30,2020-05-03,Under Maintenance,685.1,0.68,10069,Stereo Camera,v2.4.6,Zone-A,Yellow,610.2,204,128,30,969.8
396874,SN8971345,AMR-200,Fetch Robotics,AGV,2018-12-12,2019-03-03,Active,623.8,1.61,9315,Fusion,v4.6.18,Zone-A,White,134.2,205,131,90,10717.9
397176,SN3681473,AMR-500,Boston Dynamics,AMR,2023-11-21,2024-05-18,Reserved,269.1,1.26,9656,Fusion,v5.2.4,Zone-B,Grey,742.0,219,82,30,17708.9
398411,SN2943322,AGV-Pro,Fetch Robotics,AMR,2019-03-21,2019-07-12,Active,1237.5,1.66,9671,Fusion,v5.4.1,Zone-F,Yellow,400.0,94,65,60,9571.8
400861,SN5928891,AMR-200,Fetch Robotics,Cobotic Arm,2019-10-06,2020-02-05,Idle,1388.9,1.09,6967,LiDAR,v5.5.0,Zone-B,Orange,230.0,152,74,365,14414.1
405049,SN5781634,PalletBot,AutoStore,AMR,2025-01-12,2025-03-27,Active,306.0,1.29,1507,Ultrasonic,v5.5.12,Zone-E,Yellow,215.9,219,72,365,10717.3
408331,SN4685813,AMR-200,Locus Robotics,Palletizer,2023-11-24,2024-01-25,Active,1394.7,2.38,11097,LiDAR,v5.4.9,Zone-E,White,234.1,204,78,60,14097.8
412182,SN8013428,NavBot-V2,Boston Dynamics,AMR,2019-06-22,2019-08-16,Under Maintenance,31.7,1.66,7382,Stereo Camera,v4.1.3,Zone-B,Grey,312.4,156,73,60,11804.1
412748,SN8191436,AMR-200,GreyOrange,AMR,2020-09-02,2020-11-04,Reserved,1387.8,1.54,10834,Fusion,v5.1.10,Zone-F,Yellow,582.5,91,90,90,12443.5
419073,SN3211297,PalletBot,Fetch Robotics,Sorter,2021-08-30,2021-10-28,Under Maintenance,1428.1,2.1,11517,ToF,v3.2.11,Zone-E,Yellow,761.2,73,44,180,4108.3
425630,SN8159765,NavBot-V2,Boston Dynamics,Sorter,2022-07-15,2022-12-04,Active,23.0,2.82,2408,Stereo Camera,v5.3.2,Zone-D,Grey,545.2,101,70,180,13355.4
427310,SN3076716,HeavyLifter,Geek+,AMR,2024-11-02,2024-12-10,Active,1145.7,1.64,4945,Stereo Camera,v2.1.17,Zone-A,Grey,451.3,70,74,60,4290.0
427515,SN4668703,PalletBot,Geek+,AMR,2024-02-14,2024-06-17,Idle,1455.5,2.26,2471,Ultrasonic,v3.3.1,Zone-A,White,375.4,91,56,60,17651.7
429636,SN1244639,PalletBot,Zebra Tech,AMR,2024-10-10,2025-03-31,Active,1359.3,3.4,801,ToF,v3.8.8,Zone-H,Grey,667.7,71,136,90,4107.9
429978,SN4063545,PickBot-3,Geek+,AGV,2017-11-28,2018-04-21,Idle,1456.2,2.07,11603,Stereo Camera,v4.1.2,Zone-F,Grey,684.2,181,114,180,4267.9
433413,SN9626636,PalletBot,Locus Robotics,AGV,2019-07-05,2019-10-03,Active,827.7,3.23,11094,Fusion,v4.0.8,Zone-G,Yellow,255.6,154,140,180,15457.5
433717,SN4983061,AMR-200,6 River Systems,AMR,2022-01-26,2022-03-05,Active,121.8,2.88,11194,LiDAR,v3.0.10,Zone-G,Yellow,764.1,142,101,60,4381.3
433829,SN7390151,AGV-Pro,AutoStore,AMR,2020-03-18,2020-08-20,Under Maintenance,1275.4,0.68,10627,LiDAR,v5.0.16,Zone-A,Blue,334.2,189,52,90,6502.6
442918,SN1971340,AGV-Pro,Geek+,AGV,2019-01-21,2019-02-20,Idle,922.7,1.79,7855,ToF,v4.6.1,Zone-F,Yellow,646.1,125,139,60,12866.4
448730,SN6720042,PalletBot,Zebra Tech,Palletizer,2024-07-22,2024-12-01,Active,924.0,2.59,6361,Fusion,v5.0.18,Zone-C,Blue,774.5,124,90,90,2865.9
462172,SN4344176,AGV-Pro,6 River Systems,Cobotic Arm,2018-02-11,2018-06-21,Active,628.8,3.46,11899,LiDAR,v4.3.0,Zone-F,Grey,571.8,93,115,365,2871.7
465747,SN7695951,AMR-500,AutoStore,AGV,2018-12-10,2019-02-06,Idle,859.9,1.88,6716,LiDAR,v4.0.12,Zone-A,Yellow,154.4,131,81,90,8759.6
467675,SN9352171,PickBot-3,Fetch Robotics,AMR,2019-01-24,2019-06-13,Active,234.6,0.78,7780,LiDAR,v5.2.4,Zone-B,Yellow,481.3,87,94,30,4394.1
468267,SN5784515,AMR-500,Geek+,AMR,2018-12-13,2019-02-07,Active,1111.0,2.19,2698,Fusion,v2.2.2,Zone-E,Yellow,121.5,154,93,90,4249.5
469764,SN1925449,AMR-200,Locus Robotics,AMR,2022-01-16,2022-03-20,Active,117.2,0.88,9011,LiDAR,v2.5.6,Zone-F,White,637.6,219,71,90,176.2
474226,SN5285203,AGV-Pro,GreyOrange,Sorter,2020-04-15,2020-09-13,Idle,1096.0,2.75,9869,Stereo Camera,v5.7.15,Zone-D,Grey,246.6,145,101,180,6674.4
476162,SN2107979,AGV-Pro,Geek+,Sorter,2024-04-13,2024-10-06,Under Maintenance,1274.2,2.02,8206,Fusion,v4.2.18,Zone-B,Grey,565.3,107,120,60,5735.3
476339,SN5045789,AMR-200,Zebra Tech,Palletizer,2019-09-30,2019-12-08,Active,711.3,2.67,6083,LiDAR,v2.4.9,Zone-B,Orange,730.8,170,42,180,570.5
488883,SN1550323,AMR-500,Zebra Tech,Palletizer,2021-07-10,2021-12-25,Active,767.2,3.11,2534,Stereo Camera,v4.4.15,Zone-H,Orange,169.4,191,54,60,11186.0
489713,SN6763952,AMR-500,Boston Dynamics,Palletizer,2022-06-10,2022-11-23,Active,471.8,2.39,599,Stereo Camera,v5.3.17,Zone-C,Blue,332.5,135,132,60,11283.5
490884,SN3794054,AMR-500,Geek+,Palletizer,2022-03-31,2022-08-23,Active,1454.3,2.34,7602,Ultrasonic,v2.8.3,Zone-C,Blue,528.3,100,102,60,1283.7
491694,SN2813814,AMR-500,6 River Systems,AMR,2023-10-07,2023-11-27,Active,1101.0,2.76,8259,Stereo Camera,v5.3.19,Zone-D,Orange,353.1,174,147,30,5713.6
493045,SN1155731,SortBot-X,Boston Dynamics,AMR,2019-04-18,2019-07-01,Active,556.6,3.03,9316,Stereo Camera,v2.4.18,Zone-C,White,164.6,89,106,60,15711.8
493436,SN8992527,AMR-500,Fetch Robotics,AMR,2021-05-28,2021-10-06,Idle,266.3,3.11,11415,LiDAR,v2.2.1,Zone-D,White,52.4,219,111,90,10483.2
494990,SN8534761,NavBot-V2,Fetch Robotics,AGV,2023-06-12,2023-12-08,Active,333.3,0.61,6068,ToF,v3.3.12,Zone-C,Grey,343.1,110,138,60,7421.4
495019,SN8305770,NavBot-V2,6 River Systems,AMR,2023-12-26,2024-05-26,Active,698.6,2.17,9983,Ultrasonic,v3.1.3,Zone-F,Orange,529.9,116,112,60,8377.2
495651,SN1523231,AGV-Pro,Locus Robotics,Sorter,2022-04-29,2022-07-31,Active,1414.1,1.15,8652,LiDAR,v5.8.4,Zone-G,Yellow,472.0,176,76,60,3757.0
497050,SN4146072,AMR-500,Zebra Tech,Cobotic Arm,2022-08-28,2022-11-01,Under Maintenance,1102.5,3.08,3470,Stereo Camera,v2.0.19,Zone-G,White,150.3,61,98,30,14615.7
499072,SN9742144,AGV-Pro,Locus Robotics,AGV,2023-12-07,2024-05-29,Idle,326.8,2.45,10172,Fusion,v4.6.5,Zone-D,Blue,377.0,92,65,180,16452.9
501118,SN6207483,PalletBot,Zebra Tech,AMR,2022-06-10,2022-08-20,Active,1290.0,1.76,829,LiDAR,v4.0.13,Zone-C,Yellow,314.5,80,76,365,16392.8
501540,SN2156459,PickBot-3,Locus Robotics,AMR,2024-10-24,2025-01-13,Under Maintenance,570.4,1.06,7266,LiDAR,v4.2.14,Zone-E,White,241.1,122,114,30,4038.6
502320,SN2269245,PalletBot,6 River Systems,AMR,2018-06-21,2018-12-12,Active,1278.3,1.52,11296,Stereo Camera,v4.3.3,Zone-F,Blue,591.5,148,56,180,5600.2
502333,SN3368003,AGV-Pro,Fetch Robotics,Sorter,2020-04-08,2020-07-31,Active,366.3,2.61,7975,LiDAR,v2.8.5,Zone-D,Yellow,268.4,88,113,180,2899.6
504424,SN9751115,PickBot-3,GreyOrange,AGV,2018-08-23,2018-10-31,Decommissioned,929.9,1.11,11257,LiDAR,v3.6.5,Zone-E,Grey,445.9,115,104,365,5536.5
505346,SN2526506,AMR-500,6 River Systems,Cobotic Arm,2021-06-02,2021-07-02,Active,1390.4,0.78,862,Stereo Camera,v3.6.11,Zone-E,Blue,740.9,183,73,60,5997.2
505413,SN9126033,SortBot-X,AutoStore,AMR,2019-06-02,2019-09-04,Active,390.6,3.16,6482,LiDAR,v4.0.9,Zone-E,Blue,445.2,210,44,60,11399.6
510198,SN7102120,AMR-200,6 River Systems,AGV,2020-07-14,2021-01-07,Active,1040.9,2.79,9411,Stereo Camera,v3.5.3,Zone-E,Yellow,505.1,62,117,90,3421.7
511675,SN9297076,SortBot-X,Fetch Robotics,AGV,2020-12-27,2021-03-31,Active,1481.0,1.1,7779,ToF,v2.6.13,Zone-B,Grey,86.4,160,130,180,16550.0
513023,SN8434114,PalletBot,Locus Robotics,Sorter,2022-03-28,2022-08-09,Idle,230.1,1.38,10590,Stereo Camera,v5.2.19,Zone-C,Orange,167.2,64,120,180,1864.8
514030,SN3989467,AMR-200,Fetch Robotics,Sorter,2024-10-29,2025-01-04,Active,137.2,3.42,5658,LiDAR,v3.5.3,Zone-D,Yellow,107.7,143,86,90,133.7
515689,SN8451058,PickBot-3,Fetch Robotics,AMR,2023-11-25,2024-04-19,Active,1012.9,2.62,8254,Ultrasonic,v5.2.16,Zone-A,Grey,618.9,200,111,60,15390.5
516646,SN2522212,AMR-200,Geek+,Palletizer,2020-05-28,2020-10-21,Active,512.9,2.33,5153,LiDAR,v3.7.9,Zone-F,Yellow,673.7,187,85,180,12670.8
516884,SN3618722,SortBot-X,Geek+,AMR,2020-01-31,2020-05-31,Active,111.5,1.42,10491,Ultrasonic,v2.1.13,Zone-D,Yellow,173.6,97,79,180,6402.9
520048,SN2905949,AMR-200,6 River Systems,Sorter,2023-04-27,2023-09-19,Active,715.6,1.4,1609,Stereo Camera,v2.2.10,Zone-A,Orange,198.8,101,75,90,10723.0
520396,SN2198516,NavBot-V2,AutoStore,AMR,2018-08-07,2018-12-01,Active,1131.9,0.62,3198,Ultrasonic,v3.1.12,Zone-F,Orange,278.9,185,63,90,4031.6
522599,SN1810012,AMR-200,Geek+,AMR,2021-10-09,2022-01-03,Under Maintenance,431.3,2.69,1341,LiDAR,v4.6.18,Zone-E,Orange,485.1,191,146,90,3039.3
523986,SN2686592,HeavyLifter,6 River Systems,Sorter,2020-10-02,2021-02-19,Active,505.9,0.63,8484,LiDAR,v2.3.4,Zone-E,White,508.8,104,113,90,8486.0
524409,SN2080995,PalletBot,Fetch Robotics,AMR,2018-12-07,2019-05-11,Active,1269.3,0.51,2946,Stereo Camera,v5.4.1,Zone-C,Grey,558.8,60,59,90,6363.8
526139,SN4423825,PickBot-3,Boston Dynamics,AGV,2022-02-22,2022-07-28,Active,782.5,2.69,3942,LiDAR,v4.0.5,Zone-F,Yellow,727.0,131,135,180,11078.0
528133,SN1641740,PalletBot,Geek+,AGV,2020-03-18,2020-05-18,Active,1264.9,3.35,10072,LiDAR,v4.4.15,Zone-C,Yellow,257.2,159,56,365,3934.5
534072,SN1551490,PalletBot,AutoStore,AMR,2019-01-07,2019-05-18,Active,672.4,2.77,4450,ToF,v4.7.11,Zone-D,Yellow,537.2,131,105,90,11936.1
537992,SN9908406,NavBot-V2,Fetch Robotics,Cobotic Arm,2022-10-05,2022-11-04,Idle,1429.7,1.91,1920,Ultrasonic,v2.0.15,Zone-A,Grey,461.0,209,58,60,13805.8
541635,SN1789248,AMR-500,GreyOrange,Sorter,2018-12-23,2019-04-17,Active,977.9,1.96,447,LiDAR,v2.3.0,Zone-D,Yellow,265.5,190,79,90,3007.8
543485,SN1666519,PickBot-3,Geek+,Sorter,2022-09-04,2022-12-28,Under Maintenance,178.3,1.81,2875,Fusion,v3.5.3,Zone-E,Yellow,728.7,186,112,60,799.0
544591,SN1270954,AMR-200,Fetch Robotics,AMR,2018-12-21,2019-03-15,Decommissioned,1328.2,1.47,10993,Ultrasonic,v3.8.1,Zone-D,Yellow,103.5,63,149,60,7918.2
545558,SN2192878,PickBot-3,Locus Robotics,AGV,2020-09-25,2021-03-23,Active,736.5,2.07,6673,Fusion,v2.2.16,Zone-C,Orange,578.2,196,149,30,13934.7
546062,SN5751271,AMR-200,AutoStore,AMR,2023-07-20,2023-12-29,Active,216.8,1.79,11939,ToF,v3.5.0,Zone-F,Orange,590.5,180,138,90,11717.5
547596,SN8445290,PickBot-3,Geek+,AMR,2019-08-08,2019-09-12,Active,233.3,2.29,2738,ToF,v4.0.14,Zone-E,Blue,734.8,123,65,60,12636.9
548011,SN7614032,PickBot-3,Boston Dynamics,AMR,2023-07-11,2023-09-10,Idle,1032.9,3.19,4347,Stereo Camera,v2.7.5,Zone-B,White,429.3,154,50,60,7257.1
550316,SN6222161,AGV-Pro,AutoStore,Palletizer,2023-03-09,2023-05-09,Active,75.8,3.49,2125,ToF,v2.3.0,Zone-H,Orange,277.6,191,139,180,4236.7
550939,SN1765221,AGV-Pro,Boston Dynamics,Sorter,2024-03-30,2024-09-10,Under Maintenance,433.5,0.74,4900,Fusion,v2.5.6,Zone-E,Yellow,667.4,204,141,60,9576.7
554513,SN7969754,SortBot-X,AutoStore,Sorter,2018-12-17,2019-04-03,Idle,214.0,1.65,6847,LiDAR,v3.7.2,Zone-H,Orange,623.5,148,70,90,3686.5
555045,SN1335262,PalletBot,Boston Dynamics,AGV,2022-12-03,2023-04-21,Under Maintenance,664.4,1.04,9735,LiDAR,v3.1.9,Zone-H,Yellow,415.2,66,42,365,13074.9
561903,SN6678207,AGV-Pro,GreyOrange,AGV,2024-07-13,2024-12-11,Active,624.5,1.56,4543,LiDAR,v3.0.1,Zone-G,Grey,621.3,158,111,90,3553.4
563550,SN4683986,PickBot-3,Locus Robotics,AGV,2023-04-06,2023-08-29,Reserved,785.2,1.36,9304,Fusion,v5.0.15,Zone-E,Grey,236.3,168,48,60,5249.8
568604,SN8939574,NavBot-V2,Boston Dynamics,AGV,2019-04-11,2019-05-24,Active,423.1,1.02,7588,Stereo Camera,v5.4.6,Zone-D,Grey,483.9,69,44,60,9122.7
573830,SN3767797,AMR-200,AutoStore,AGV,2023-12-16,2024-02-05,Active,52.9,2.79,3643,ToF,v5.8.2,Zone-A,Yellow,696.2,190,143,90,8765.9
588019,SN6746207,AMR-200,Fetch Robotics,AMR,2018-07-21,2018-10-18,Active,923.5,1.99,10964,Ultrasonic,v5.8.2,Zone-D,Orange,274.8,92,94,90,10819.3
588543,SN4959954,AMR-200,Fetch Robotics,AMR,2022-02-23,2022-05-14,Decommissioned,563.7,3.26,5324,Fusion,v2.6.1,Zone-E,White,402.3,202,52,60,7879.6
590503,SN5699125,PickBot-3,Boston Dynamics,Palletizer,2021-04-20,2021-09-09,Active,978.7,0.6,1981,LiDAR,v4.0.13,Zone-C,White,762.3,148,112,90,16551.3
590885,SN9449180,AGV-Pro,Geek+,AGV,2021-09-15,2021-11-07,Under Maintenance,167.5,0.7,11559,Ultrasonic,v2.0.1,Zone-F,Orange,644.6,111,80,90,15120.4
591912,SN7414746,PalletBot,6 River Systems,Palletizer,2018-01-01,2018-03-27,Active,25.6,1.71,10978,Fusion,v2.4.1,Zone-A,Grey,713.0,69,98,60,15825.3
592122,SN4731003,SortBot-X,Zebra Tech,AMR,2021-08-04,2021-10-08,Reserved,376.2,0.74,784,LiDAR,v5.5.5,Zone-C,Yellow,326.6,62,138,90,11335.0
592215,SN5026534,AMR-500,Boston Dynamics,AGV,2024-10-14,2024-12-11,Active,687.5,1.29,10849,Ultrasonic,v5.5.13,Zone-C,Orange,797.3,178,66,30,11433.8
598220,SN7341141,NavBot-V2,Locus Robotics,AMR,2021-02-01,2021-03-28,Active,594.1,3.46,11379,Stereo Camera,v2.6.11,Zone-C,Grey,147.5,120,111,60,10969.5
598631,SN4114574,SortBot-X,Fetch Robotics,AMR,2019-11-22,2020-01-20,Reserved,1216.4,1.13,9983,ToF,v5.4.13,Zone-A,Yellow,429.5,194,131,180,7833.6
599125,SN2510720,AMR-500,GreyOrange,AMR,2025-01-23,2025-05-17,Active,569.9,1.09,3208,Stereo Camera,v3.0.2,Zone-A,Grey,399.0,96,86,60,5804.7
599366,SN5208871,AMR-500,Zebra Tech,AMR,2018-06-27,2018-09-26,Active,798.0,2.22,7649,LiDAR,v5.6.7,Zone-F,Blue,644.8,207,146,90,10660.1
600081,SN1614025,AMR-500,Geek+,Palletizer,2021-05-06,2021-08-09,Active,892.3,1.99,6551,LiDAR,v4.0.0,Zone-C,Orange,729.6,210,89,90,469.3
601328,SN2527426,AMR-200,GreyOrange,AMR,2021-07-11,2021-10-20,Active,37.6,2.24,7517,LiDAR,v4.5.18,Zone-A,Grey,593.0,76,90,60,144.1
603285,SN4786375,AMR-200,Locus Robotics,Cobotic Arm,2024-06-13,2024-11-01,Active,775.1,1.63,7474,LiDAR,v5.2.16,Zone-A,Orange,512.6,163,137,365,15331.0
608049,SN8169144,NavBot-V2,AutoStore,AGV,2020-09-10,2021-02-16,Active,520.5,2.98,7742,ToF,v3.7.3,Zone-C,Grey,359.1,210,109,60,845.2
608711,SN8032756,AGV-Pro,Locus Robotics,AGV,2024-12-02,2025-03-20,Active,634.8,0.92,6265,Stereo Camera,v2.0.19,Zone-A,Grey,423.0,111,135,60,9451.1
608835,SN3346333,AMR-500,Fetch Robotics,AGV,2018-02-24,2018-06-30,Under Maintenance,154.9,1.79,8347,LiDAR,v2.8.14,Zone-E,Yellow,422.2,70,126,365,11073.6
611866,SN4797350,SortBot-X,Locus Robotics,AMR,2023-01-22,2023-06-11,Active,1175.3,2.57,6413,ToF,v2.7.2,Zone-F,Grey,45.7,200,118,180,3575.1
614554,SN2381783,PickBot-3,Fetch Robotics,Palletizer,2022-01-12,2022-05-25,Active,1413.9,3.1,394,ToF,v2.5.5,Zone-B,Orange,417.3,135,66,90,16124.2
617139,SN7797196,NavBot-V2,Boston Dynamics,Sorter,2019-08-25,2019-10-14,Active,38.3,1.61,616,Stereo Camera,v3.1.12,Zone-D,Yellow,689.1,64,83,30,3429.8
621297,SN3217169,PalletBot,Fetch Robotics,Cobotic Arm,2019-03-17,2019-09-10,Active,904.1,2.2,11505,Fusion,v2.2.11,Zone-A,White,576.1,194,135,60,15922.4
622954,SN8195736,AGV-Pro,Locus Robotics,AGV,2023-03-10,2023-05-03,Idle,1146.9,0.71,10929,Stereo Camera,v3.6.4,Zone-B,Yellow,642.7,168,107,90,13736.2
625687,SN8578630,AMR-500,Geek+,AMR,2022-06-24,2022-09-23,Decommissioned,430.8,1.01,7110,Ultrasonic,v4.6.7,Zone-G,Orange,330.7,71,70,60,4341.0
628879,SN7201765,HeavyLifter,Boston Dynamics,Palletizer,2022-03-09,2022-07-14,Decommissioned,1182.4,0.71,2260,LiDAR,v3.4.11,Zone-D,Orange,437.3,101,76,60,2721.9
631823,SN3971811,SortBot-X,Locus Robotics,AMR,2018-02-17,2018-05-18,Active,950.4,2.68,9421,ToF,v2.5.3,Zone-G,Orange,55.8,62,125,180,5699.0
642553,SN9576181,HeavyLifter,Zebra Tech,AMR,2022-04-03,2022-06-08,Active,1394.1,1.36,1890,Fusion,v4.8.10,Zone-B,Orange,324.9,212,59,60,7169.1
646476,SN7174448,AMR-200,6 River Systems,AMR,2024-10-25,2025-04-11,Active,1471.6,2.67,4651,Ultrasonic,v5.2.18,Zone-B,Blue,395.3,63,52,30,4431.7
651206,SN6812555,PalletBot,GreyOrange,Sorter,2018-01-07,2018-02-16,Active,68.3,0.7,4092,Stereo Camera,v5.8.14,Zone-C,Grey,226.5,187,124,30,17980.1
653177,SN8707685,PickBot-3,Boston Dynamics,Cobotic Arm,2021-04-19,2021-06-24,Active,670.2,3.09,346,ToF,v4.4.18,Zone-C,Orange,54.1,141,71,90,4141.4
659673,SN8933221,AMR-200,AutoStore,Sorter,2021-03-06,2021-08-31,Idle,822.7,3.01,9722,Stereo Camera,v5.3.1,Zone-H,Orange,561.6,153,124,90,14953.1
664577,SN1699701,PickBot-3,Boston Dynamics,Sorter,2024-04-08,2024-08-25,Active,224.4,0.77,6214,ToF,v2.2.1,Zone-A,Yellow,365.0,189,98,180,2872.5
665870,SN8933926,SortBot-X,Boston Dynamics,AMR,2019-12-24,2020-02-05,Active,507.7,0.57,3931,Ultrasonic,v2.0.19,Zone-F,Yellow,350.1,203,149,60,17644.6
666787,SN7885218,AMR-200,AutoStore,Palletizer,2021-02-18,2021-07-11,Active,1481.5,0.67,6184,Fusion,v2.5.7,Zone-F,Grey,222.5,80,97,60,4067.2
667253,SN2858697,AGV-Pro,GreyOrange,AGV,2022-11-03,2023-04-27,Active,29.3,3.06,200,Stereo Camera,v2.6.19,Zone-D,Yellow,444.1,62,135,90,7596.2
668497,SN3768988,PalletBot,6 River Systems,Cobotic Arm,2018-04-30,2018-06-13,Active,681.5,1.2,5356,LiDAR,v5.8.11,Zone-B,Grey,367.3,79,133,90,10058.6
671245,SN7773985,AMR-500,GreyOrange,AMR,2023-09-09,2023-12-10,Active,1264.8,2.14,6331,Stereo Camera,v4.1.17,Zone-C,Grey,395.0,169,63,90,2173.9
671347,SN2949601,AGV-Pro,Geek+,Palletizer,2023-10-28,2024-02-05,Idle,489.2,1.78,4208,LiDAR,v4.2.7,Zone-B,Orange,477.3,150,149,365,14704.6
673085,SN5071734,AGV-Pro,Boston Dynamics,AMR,2023-03-15,2023-05-03,Active,722.3,2.89,9998,LiDAR,v4.0.16,Zone-F,Yellow,34.9,73,122,90,4951.6
679477,SN7200112,AMR-500,Boston Dynamics,AMR,2023-05-19,2023-07-18,Active,1467.2,1.97,3147,LiDAR,v3.0.6,Zone-C,White,728.9,97,51,90,9891.4
684861,SN6854405,NavBot-V2,Boston Dynamics,AGV,2023-08-23,2023-10-18,Active,714.9,2.0,1826,ToF,v5.2.10,Zone-G,Grey,84.7,145,40,365,9897.9
688985,SN9188168,PalletBot,Fetch Robotics,AMR,2024-07-17,2024-09-12,Idle,200.7,3.47,6425,LiDAR,v5.0.15,Zone-D,Orange,377.2,176,69,30,10851.5
689113,SN2003832,AMR-200,AutoStore,AMR,2020-12-05,2021-03-05,Active,82.3,0.95,10669,LiDAR,v3.6.3,Zone-C,Yellow,189.7,114,41,365,1008.2
693479,SN3655172,HeavyLifter,Boston Dynamics,Cobotic Arm,2021-02-10,2021-05-20,Under Maintenance,1418.4,2.99,4628,LiDAR,v2.7.16,Zone-E,Grey,433.3,211,79,90,3043.5
694538,SN9863912,NavBot-V2,GreyOrange,AGV,2022-07-21,2022-09-24,Decommissioned,402.4,0.66,750,Fusion,v5.6.9,Zone-C,Yellow,245.8,218,149,90,2909.8
695724,SN6119503,AMR-500,6 River Systems,Palletizer,2019-03-26,2019-06-07,Active,758.6,1.93,11645,ToF,v2.2.12,Zone-G,Orange,692.2,182,92,365,5443.9
696967,SN3238362,PalletBot,6 River Systems,AMR,2024-03-10,2024-05-07,Idle,140.6,3.16,5442,LiDAR,v3.4.3,Zone-A,Grey,335.2,132,42,90,2617.0
697881,SN3608506,AMR-200,Locus Robotics,Cobotic Arm,2023-04-22,2023-09-18,Active,638.4,2.5,2240,LiDAR,v3.2.2,Zone-H,Blue,521.8,200,94,90,16595.4
698365,SN4052912,HeavyLifter,Locus Robotics,AGV,2022-07-06,2022-09-05,Decommissioned,1395.5,2.56,7464,Stereo Camera,v2.4.7,Zone-F,Grey,221.6,176,64,60,9238.1
699389,SN5988569,PickBot-3,Zebra Tech,Cobotic Arm,2019-10-13,2020-03-27,Active,756.1,1.29,3972,LiDAR,v2.4.3,Zone-F,Orange,44.9,143,134,90,11228.1
701561,SN3560879,PickBot-3,Geek+,AGV,2020-04-11,2020-07-30,Decommissioned,1456.8,1.76,11265,Stereo Camera,v2.1.8,Zone-C,Yellow,341.2,131,49,90,6441.2
702831,SN6596757,AMR-200,6 River Systems,AGV,2020-10-24,2021-03-23,Active,392.0,1.6,3668,Stereo Camera,v5.2.5,Zone-F,Orange,443.1,193,124,60,4979.7
704010,SN5007405,NavBot-V2,AutoStore,Palletizer,2022-07-28,2022-11-30,Active,759.3,2.06,6691,Fusion,v2.3.14,Zone-B,Grey,383.9,149,89,180,9062.2
705015,SN6493017,AMR-200,6 River Systems,AMR,2022-10-17,2022-12-25,Active,1290.0,1.89,6611,LiDAR,v3.5.17,Zone-E,Grey,770.8,89,42,90,5304.9
709931,SN2396090,AMR-200,Fetch Robotics,AMR,2024-07-26,2024-11-23,Idle,675.1,1.48,3060,ToF,v5.5.14,Zone-A,Yellow,574.3,219,114,90,6192.2
710126,SN6611916,AMR-200,GreyOrange,Cobotic Arm,2024-12-05,2025-02-14,Active,422.8,1.42,6091,LiDAR,v5.7.5,Zone-B,Yellow,796.7,70,90,30,8155.0
714245,SN9322673,PalletBot,Fetch Robotics,Sorter,2023-02-05,2023-03-24,Active,1283.9,1.25,1487,Fusion,v2.1.17,Zone-C,Yellow,257.2,171,124,90,9108.1
714743,SN2215717,AMR-200,Geek+,AMR,2020-07-25,2020-10-01,Idle,587.9,1.6,7796,Fusion,v4.2.6,Zone-B,Blue,637.6,164,107,30,17717.8
715329,SN3946988,NavBot-V2,Zebra Tech,AGV,2022-04-01,2022-06-11,Under Maintenance,798.4,0.95,9148,ToF,v3.7.12,Zone-C,Grey,457.8,153,126,30,4027.6
717829,SN7241863,PickBot-3,GreyOrange,Sorter,2021-01-06,2021-02-25,Active,1464.9,3.12,11410,Stereo Camera,v5.2.9,Zone-F,Yellow,501.1,68,90,90,8788.7
726687,SN6556639,AMR-200,Locus Robotics,Cobotic Arm,2022-07-29,2022-08-31,Active,283.8,2.31,4044,LiDAR,v2.8.10,Zone-B,Blue,789.1,138,40,30,2699.7
727093,SN7072752,AMR-200,Fetch Robotics,Palletizer,2023-07-22,2024-01-09,Active,455.6,0.9,3565,Ultrasonic,v4.3.5,Zone-E,Yellow,533.6,202,54,60,6306.5
727630,SN6036080,AMR-200,Zebra Tech,AGV,2020-06-12,2020-09-27,Idle,51.4,2.58,6675,ToF,v5.4.13,Zone-A,Grey,722.1,98,90,90,12914.4
729735,SN7143292,PickBot-3,Fetch Robotics,Cobotic Arm,2021-07-03,2021-10-01,Active,590.8,3.04,8374,LiDAR,v2.2.16,Zone-E,Orange,588.8,170,83,60,3148.6
730237,SN6484485,PalletBot,Fetch Robotics,AMR,2017-11-16,2018-05-04,Under Maintenance,304.3,1.21,11911,Stereo Camera,v2.0.16,Zone-F,Blue,128.1,197,127,365,10468.5
730469,SN1666634,AMR-200,Boston Dynamics,Palletizer,2023-04-16,2023-06-18,Active,1021.7,0.95,495,Stereo Camera,v3.2.11,Zone-C,Orange,568.6,212,85,365,7506.5
733628,SN7761550,PalletBot,Fetch Robotics,AGV,2021-05-21,2021-08-19,Active,276.1,0.53,3012,Ultrasonic,v2.0.0,Zone-E,Grey,402.9,142,134,90,937.9
734648,SN5021549,AMR-200,Locus Robotics,Cobotic Arm,2020-12-23,2021-05-29,Active,1013.8,0.64,3296,ToF,v2.1.13,Zone-G,Blue,737.5,110,60,365,16796.0
745200,SN1463057,PalletBot,GreyOrange,AGV,2021-08-10,2021-12-12,Active,398.9,2.79,3213,ToF,v3.0.0,Zone-F,Yellow,651.3,171,82,180,7450.7
745351,SN4681315,NavBot-V2,Boston Dynamics,AGV,2019-05-10,2019-08-07,Idle,536.1,3.46,5671,ToF,v3.7.6,Zone-C,Blue,110.2,137,123,60,14112.8
745728,SN4916616,PalletBot,Fetch Robotics,Cobotic Arm,2022-04-01,2022-06-08,Active,526.5,0.63,10500,LiDAR,v2.2.9,Zone-C,White,133.1,160,53,180,7499.5
747515,SN1780403,SortBot-X,Fetch Robotics,AGV,2023-06-07,2023-07-12,Active,1076.5,2.74,565,Stereo Camera,v2.8.15,Zone-E,Blue,83.6,178,75,60,16873.1
749454,SN9964793,PalletBot,Locus Robotics,Palletizer,2020-06-23,2020-08-04,Reserved,702.4,0.72,9826,LiDAR,v3.8.6,Zone-B,Yellow,409.8,173,122,90,5235.6
750122,SN3001311,AMR-200,Fetch Robotics,AGV,2018-10-29,2018-12-22,Reserved,545.1,2.28,7488,Ultrasonic,v2.8.19,Zone-F,Yellow,92.2,98,104,90,7426.0
754294,SN3975920,AMR-200,Geek+,Cobotic Arm,2020-06-19,2020-11-13,Under Maintenance,1279.7,2.77,7459,Stereo Camera,v3.5.3,Zone-B,Orange,587.2,180,125,30,13662.0
757265,SN4968663,AMR-200,Boston Dynamics,AMR,2019-02-17,2019-06-22,Active,860.1,1.58,8204,Stereo Camera,v4.6.14,Zone-F,Grey,455.3,146,96,60,6192.6
762176,SN8492554,AGV-Pro,Boston Dynamics,AGV,2020-07-06,2020-10-09,Active,324.7,0.53,1561,LiDAR,v4.6.11,Zone-A,Grey,673.6,208,134,365,6564.8
763226,SN7686156,SortBot-X,Locus Robotics,AGV,2022-03-31,2022-08-25,Under Maintenance,1350.6,2.29,9011,LiDAR,v5.1.9,Zone-A,Blue,245.4,165,136,60,17906.9
769037,SN7938666,PickBot-3,Locus Robotics,AMR,2018-09-11,2018-11-04,Active,517.3,3.47,3127,Stereo Camera,v3.4.2,Zone-H,Orange,429.7,202,147,60,10005.5
770285,SN3133558,PalletBot,Fetch Robotics,AMR,2023-05-17,2023-07-17,Active,63.3,1.27,6295,LiDAR,v3.8.2,Zone-F,Grey,120.5,216,53,60,12412.0
781738,SN8608910,AMR-200,Fetch Robotics,Cobotic Arm,2019-06-05,2019-09-01,Under Maintenance,744.4,1.07,8187,LiDAR,v4.5.9,Zone-G,Grey,711.1,219,105,90,11585.9
782278,SN8467748,SortBot-X,AutoStore,Cobotic Arm,2024-03-05,2024-08-19,Active,190.3,0.87,7326,Ultrasonic,v2.0.5,Zone-H,Yellow,164.8,179,52,180,14904.4
782666,SN5174730,AMR-200,Fetch Robotics,Cobotic Arm,2023-02-05,2023-06-07,Active,361.5,2.17,4012,Stereo Camera,v2.0.3,Zone-C,Yellow,108.8,155,65,180,15514.2
783908,SN5912184,AMR-500,GreyOrange,AMR,2019-08-05,2020-01-09,Reserved,1121.9,2.29,4873,Stereo Camera,v2.7.12,Zone-B,Yellow,187.9,78,73,90,10143.0
785024,SN1334260,SortBot-X,Locus Robotics,AMR,2021-12-29,2022-03-06,Idle,200.5,2.88,5822,Stereo Camera,v2.5.2,Zone-A,White,650.8,121,111,60,5309.1
787805,SN7843794,HeavyLifter,Boston Dynamics,AMR,2018-05-23,2018-10-27,Active,1211.4,2.76,686,Ultrasonic,v3.0.1,Zone-C,Orange,111.5,136,87,30,420.2
788498,SN9648302,PickBot-3,Locus Robotics,Sorter,2018-08-19,2018-09-28,Active,1405.7,3.18,8767,LiDAR,v2.3.9,Zone-B,Grey,503.1,184,135,90,11063.1
791058,SN5253003,AMR-200,6 River Systems,Sorter,2024-11-29,2025-02-01,Active,911.8,2.92,1379,Ultrasonic,v3.5.14,Zone-G,Grey,604.6,154,72,180,14860.2
791781,SN5864511,PickBot-3,AutoStore,AMR,2023-08-27,2023-12-13,Active,1067.0,1.24,5611,Fusion,v4.5.10,Zone-A,Orange,608.3,130,107,180,8115.2
794396,SN5492747,AMR-200,Boston Dynamics,Cobotic Arm,2019-01-17,2019-02-23,Idle,1071.8,2.17,7928,ToF,v3.2.9,Zone-A,White,176.3,83,123,90,2973.1
796559,SN1743803,NavBot-V2,Boston Dynamics,AMR,2019-08-31,2020-02-05,Under Maintenance,1489.2,1.39,1148,Stereo Camera,v2.8.7,Zone-B,White,77.5,174,147,90,5192.6
800544,SN6577473,SortBot-X,Boston Dynamics,AMR,2019-01-11,2019-06-20,Active,515.6,1.49,11947,ToF,v5.8.9,Zone-A,Grey,375.6,129,66,90,9184.7
800875,SN7493010,AMR-200,Locus Robotics,AMR,2020-08-17,2020-12-06,Active,248.5,3.3,4651,Stereo Camera,v5.4.2,Zone-B,White,185.9,65,120,90,15061.9
802327,SN9351734,AMR-200,Geek+,AMR,2019-12-15,2020-02-28,Under Maintenance,781.2,2.55,386,Stereo Camera,v2.1.18,Zone-D,Grey,568.4,105,49,90,3099.8
802655,SN9368072,AMR-200,Boston Dynamics,Cobotic Arm,2020-04-24,2020-06-07,Active,802.2,3.42,7971,Stereo Camera,v3.2.8,Zone-B,Grey,304.7,200,99,90,11022.6
803409,SN5426312,HeavyLifter,Boston Dynamics,Palletizer,2021-08-04,2021-12-04,Active,271.0,1.75,6779,LiDAR,v3.7.19,Zone-D,White,376.0,79,85,90,13563.1
804460,SN9630852,AGV-Pro,AutoStore,AMR,2019-02-06,2019-05-27,Active,921.6,2.11,7755,LiDAR,v2.6.6,Zone-G,Grey,117.4,124,145,365,16849.5
805507,SN5757917,PalletBot,Fetch Robotics,AGV,2024-02-26,2024-07-18,Idle,26.1,1.96,9061,Stereo Camera,v2.8.1,Zone-D,Grey,467.0,141,125,90,2109.5
807457,SN6778397,PickBot-3,Locus Robotics,Cobotic Arm,2023-01-25,2023-05-25,Active,1391.9,0.82,5812,LiDAR,v2.0.9,Zone-E,Grey,172.9,73,141,30,16675.8
808197,SN6417972,PickBot-3,Geek+,Palletizer,2023-07-04,2023-08-22,Idle,400.5,1.21,9955,Stereo Camera,v4.2.1,Zone-B,Grey,552.8,86,133,60,10830.4
808231,SN9988137,AMR-200,Fetch Robotics,Cobotic Arm,2019-02-15,2019-04-04,Active,64.1,2.08,4567,Stereo Camera,v2.8.16,Zone-A,Grey,84.8,210,85,90,13803.0
810105,SN7637635,NavBot-V2,Fetch Robotics,AMR,2022-11-06,2023-04-02,Idle,166.8,0.7,6633,Fusion,v5.4.10,Zone-B,Orange,781.4,154,120,90,977.4
814134,SN2080041,AMR-500,Fetch Robotics,Cobotic Arm,2024-01-21,2024-03-14,Active,364.2,3.29,2070,LiDAR,v5.5.8,Zone-H,Grey,557.1,93,43,90,9115.6
815420,SN1646652,PickBot-3,AutoStore,AMR,2018-11-01,2019-04-20,Active,414.5,0.87,7515,ToF,v3.4.1,Zone-D,Yellow,169.9,87,101,180,11211.1
816111,SN4688926,SortBot-X,Fetch Robotics,Palletizer,2023-06-13,2023-07-28,Active,54.1,1.09,3286,Stereo Camera,v2.6.17,Zone-B,White,40.9,128,45,60,5529.9
817157,SN5641186,PickBot-3,Fetch Robotics,AGV,2020-04-09,2020-08-26,Active,422.6,2.8,8421,LiDAR,v2.0.1,Zone-C,Grey,287.5,175,119,90,7775.4
824287,SN7017611,NavBot-V2,Fetch Robotics,Cobotic Arm,2023-05-11,2023-11-03,Active,293.4,0.79,9652,LiDAR,v5.2.6,Zone-F,Blue,147.7,176,146,180,9981.8
824408,SN5334323,AMR-200,Fetch Robotics,AMR,2021-04-14,2021-07-19,Active,571.0,3.2,10335,LiDAR,v2.8.8,Zone-E,Yellow,198.2,91,114,90,9950.3
826836,SN5631766,AGV-Pro,Geek+,AGV,2023-11-05,2023-12-13,Active,580.8,2.68,11163,LiDAR,v5.6.2,Zone-D,Orange,702.0,176,132,90,763.1
827425,SN9295163,AGV-Pro,Boston Dynamics,Sorter,2018-08-27,2019-02-04,Active,511.8,0.71,1643,LiDAR,v5.4.12,Zone-G,Grey,494.5,203,65,60,7916.3
827793,SN4013907,AGV-Pro,GreyOrange,Cobotic Arm,2020-09-22,2020-11-19,Decommissioned,495.2,2.58,1828,Stereo Camera,v2.7.18,Zone-E,White,165.9,96,149,90,3856.6
832617,SN5441558,AMR-200,GreyOrange,AGV,2019-09-24,2020-01-11,Active,139.1,2.39,11128,Stereo Camera,v3.0.16,Zone-D,Yellow,458.6,64,100,180,16501.3
839506,SN6016466,AMR-200,AutoStore,Palletizer,2019-05-11,2019-11-04,Under Maintenance,42.7,2.77,4693,LiDAR,v5.4.11,Zone-A,Blue,227.0,213,114,365,17578.7
840484,SN5214884,AMR-500,Fetch Robotics,Sorter,2019-11-25,2020-04-14,Reserved,307.2,2.98,507,LiDAR,v2.0.18,Zone-A,Grey,781.7,143,124,90,5400.6
