sensor_id,sensor_name,sensor_type,manufacturer,model,install_date,last_calibration_date,accuracy_pct,sampling_rate_hz,operating_temp_min_c,operating_temp_max_c,ip_rating,battery_type,battery_life_days,wireless_protocol,firmware_version,robot_compatible,zone_assigned,sensor_status,maintenance_interval_days
700048,SEN-230624,Force,FLIR,M559-Plus,2025-09-16,2026-04-17,93.08,100,-28,81,IP65,LiFePO4,21,Wi-Fi 6,fw1.3.15,1,Zone-C,Active,365
700108,SEN-929635,Force,Pepperl+Fuchs,M655-Lite,2019-07-28,2020-05-06,90.69,50,-7,69,IP65,NiMH,195,Zigbee,fw3.3.5,1,Zone-B,Active,180
700140,SEN-290724,LiDAR,FLIR,M452-Pro,2022-01-31,2022-03-08,96.41,25,-12,84,IP54,Wired,170,LoRa,fw3.4.16,0,Zone-B,Active,60
700811,SEN-735539,Camera,Hokuyo,M627-Pro,2024-09-01,2025-05-24,95.1,500,-28,80,IP54,NiMH,336,Zigbee,fw4.5.2,1,Zone-F,Active,90
700855,SEN-675275,Temperature,Hokuyo,M361-Plus,2025-08-16,2025-10-17,92.79,10,-3,69,IP65,Wired,161,Bluetooth 5,fw2.0.7,1,Zone-C,Active,60
701170,SEN-998896,LiDAR,Velodyne,M696-Pro,2024-07-22,2024-12-16,90.41,100,-9,80,IP54,LiFePO4,178,Bluetooth 5,fw3.0.5,1,Zone-C,Active,90
701359,SEN-186173,Current,Sick AG,M247-Ultra,2023-03-20,2023-09-19,91.76,500,-4,62,IP65,Lead-Acid,250,Wi-Fi 6,fw3.7.18,1,Zone-D,Active,365
701418,SEN-540456,Encoder,Cognex,M530-Pro,2020-10-22,2021-08-26,92.22,25,-12,60,IP54,Li-Ion,177,Zigbee,fw4.3.13,1,Zone-C,Calibrating,365
701860,SEN-988568,Camera,Cognex,M963-Plus,2019-10-01,2020-04-08,98.41,25,-15,76,IP67,Lead-Acid,161,Bluetooth 5,fw4.7.13,1,Zone-A,Active,180
702228,SEN-370702,LiDAR,Hokuyo,M614-Pro,2022-12-21,2023-07-26,95.98,200,-20,50,IP65,Wired,47,CAN Bus,fw1.1.15,0,Zone-E,Active,60
702621,SEN-731497,IMU,Keyence,M823-Ultra,2025-10-16,2025-12-31,94.66,1000,-16,84,IP65,Li-Ion,130,RS-485,fw4.5.8,1,Zone-F,Active,90
702840,SEN-207129,Current,Velodyne,M469-Lite,2019-09-05,2020-05-03,97.47,1000,-15,63,IP54,Li-Ion,310,Wi-Fi 6,fw1.3.6,1,Zone-B,Offline,30
702871,SEN-120294,Encoder,FLIR,M605-Plus,2024-06-17,2024-10-20,91.08,1000,-29,68,IP67,Li-Ion,341,Wi-Fi 6,fw1.8.7,1,Zone-F,Active,90
702995,SEN-283427,Encoder,Banner,M256-Pro,2021-02-26,2021-07-13,99.5,500,-15,73,IP67,Li-Ion,78,RS-485,fw4.6.0,0,Zone-C,Active,60
704246,SEN-372749,LiDAR,Keyence,M395-Plus,2025-01-02,2025-09-27,93.42,100,-7,75,IP67,Wired,113,Wi-Fi 6,fw1.3.3,0,Zone-A,Active,180
704324,SEN-193822,Current,Lumenera,M169-Ultra,2021-03-28,2021-06-21,90.59,25,-5,79,IP65,Li-Ion,248,Wi-Fi 6,fw4.1.7,1,Zone-F,Active,90
704540,SEN-546582,Current,Velodyne,M816-Ultra,2021-05-24,2021-10-11,99.42,10,-2,77,IP65,Li-Ion,205,RS-485,fw3.5.12,1,Zone-F,Active,30
704950,SEN-991049,Camera,FLIR,M919-Ultra,2022-02-11,2022-12-29,93.25,10,-14,61,IP67,Li-Ion,262,Bluetooth 5,fw2.6.3,1,Zone-F,Active,60
705024,SEN-266108,Encoder,Pepperl+Fuchs,M179-Lite,2023-06-29,2024-03-31,96.19,200,-4,76,IP54,Li-Ion,273,Bluetooth 5,fw1.4.6,1,Zone-B,Active,90
705535,SEN-460257,Force,Lumenera,M186-Lite,2021-05-10,2022-04-25,94.2,1000,-3,84,IP67,Wired,341,RS-485,fw2.5.11,1,Zone-D,Active,90
706181,SEN-940660,IMU,Sick AG,M138-Pro,2025-03-17,2026-02-03,92.24,200,-3,78,IP65,Wired,123,RS-485,fw3.5.17,0,Zone-F,Active,90
706571,SEN-824890,Ultrasonic,FLIR,M238-Lite,2022-01-03,2022-11-17,94.79,500,-7,78,IP67,NiMH,308,Zigbee,fw2.2.13,1,Zone-C,Active,60
707076,SEN-250233,LiDAR,Cognex,M102-Lite,2023-10-28,2024-06-05,96.02,50,-2,61,IP67,LiFePO4,244,RS-485,fw4.5.6,1,Zone-B,Active,60
707234,SEN-603230,Ultrasonic,Cognex,M913-Lite,2024-06-30,2024-10-08,93.36,10,-2,76,IP54,NiMH,268,Bluetooth 5,fw3.4.1,0,Zone-D,Active,60
707270,SEN-549949,Ultrasonic,FLIR,M723-Ultra,2025-08-21,2026-05-31,94.0,10,-23,53,IP54,NiMH,323,Ethernet,fw4.1.16,0,Zone-E,Active,30
707537,SEN-461108,Camera,Sick AG,M417-Lite,2019-07-03,2019-09-18,99.08,10,-22,82,IP67,Lead-Acid,52,Zigbee,fw3.7.13,1,Zone-B,Active,90
707610,SEN-496793,Ultrasonic,FLIR,M687-Pro,2020-02-08,2020-04-13,96.68,500,-28,84,IP67,NiMH,142,LoRa,fw4.5.6,1,Zone-B,Active,60
708230,SEN-330793,Encoder,Lumenera,M565-Lite,2024-03-26,2024-11-18,93.4,200,-29,61,IP68,Li-Ion,132,Wi-Fi 6,fw4.1.8,1,Zone-D,Active,180
708396,SEN-764876,ToF,Lumenera,M833-Pro,2020-06-21,2021-04-30,93.85,10,-4,76,IP65,LiFePO4,147,LoRa,fw3.4.1,0,Zone-E,Offline,90
708520,SEN-967291,IMU,Banner,M270-Lite,2020-12-19,2021-06-17,93.16,500,-15,84,IP65,NiMH,251,Bluetooth 5,fw3.3.3,1,Zone-B,Offline,90
708546,SEN-924850,Current,Cognex,M567-Ultra,2019-09-29,2020-09-06,97.82,1000,-18,78,IP65,Wired,65,CAN Bus,fw3.1.15,1,Zone-D,Active,180
708563,SEN-838652,IMU,Keyence,M920-Plus,2022-10-15,2023-03-13,95.04,200,-14,60,IP67,LiFePO4,145,Ethernet,fw4.2.16,0,Zone-F,Active,60
708643,SEN-678986,LiDAR,Sick AG,M729-Plus,2025-05-18,2025-07-11,95.17,200,-4,65,IP65,Li-Ion,127,LoRa,fw1.0.15,1,Zone-B,Calibrating,30
709303,SEN-945193,ToF,FLIR,M213-Plus,2023-05-30,2023-07-13,91.69,100,-27,58,IP67,Li-Ion,23,CAN Bus,fw3.3.16,1,Zone-A,Active,365
709845,SEN-278266,LiDAR,Banner,M901-Ultra,2025-09-09,2025-12-07,92.87,200,-5,73,IP67,NiMH,363,Wi-Fi 6,fw2.1.16,1,Zone-E,Active,30
709850,SEN-935339,IMU,Velodyne,M655-Plus,2020-09-09,2021-04-15,99.58,500,-23,52,IP68,LiFePO4,330,Bluetooth 5,fw4.2.7,1,Zone-D,Offline,60
710323,SEN-893251,Temperature,Bosch,M337-Lite,2022-03-16,2022-09-01,97.79,10,-26,76,IP65,NiMH,264,Wi-Fi 6,fw3.5.10,1,Zone-D,Offline,30
710409,SEN-415563,Proximity,FLIR,M695-Lite,2019-12-29,2020-05-26,90.35,50,-21,53,IP67,Li-Ion,337,CAN Bus,fw1.4.17,1,Zone-A,Active,180
710688,SEN-667175,ToF,FLIR,M664-Pro,2023-08-15,2024-04-19,90.72,200,-9,72,IP67,LiFePO4,263,Zigbee,fw2.1.15,1,Zone-D,Active,60
710877,SEN-200774,ToF,Banner,M282-Pro,2020-07-24,2021-03-29,93.63,100,-21,55,IP54,Li-Ion,280,Wi-Fi 6,fw1.8.4,1,Zone-B,Active,90
710988,SEN-547220,Ultrasonic,Bosch,M596-Ultra,2020-11-26,2021-07-14,99.25,1000,-5,52,IP54,LiFePO4,53,Wi-Fi 6,fw4.2.10,0,Zone-B,Faulty,30
711165,SEN-332733,Temperature,Velodyne,M695-Ultra,2023-12-10,2024-04-19,91.19,10,-2,65,IP67,Wired,314,Bluetooth 5,fw1.3.13,1,Zone-C,Active,180
712190,SEN-287441,ToF,Hokuyo,M114-Plus,2021-12-22,2022-12-07,95.59,25,-7,59,IP54,Wired,146,CAN Bus,fw4.4.10,1,Zone-F,Offline,60
712656,SEN-168897,Current,FLIR,M735-Plus,2020-06-18,2021-01-06,93.17,25,-28,78,IP67,Li-Ion,339,Zigbee,fw1.6.2,1,Zone-D,Offline,90
713118,SEN-723548,Ultrasonic,FLIR,M538-Lite,2019-08-25,2020-08-08,93.32,50,-3,80,IP67,Li-Ion,50,Wi-Fi 6,fw1.7.13,1,Zone-F,Active,90
713322,SEN-279207,Current,Velodyne,M323-Plus,2023-10-16,2024-08-01,91.47,25,-24,56,IP67,Wired,122,LoRa,fw1.8.11,1,Zone-D,Active,180
714047,SEN-419818,Force,Lumenera,M865-Plus,2021-11-01,2022-07-25,98.15,10,-17,79,IP67,LiFePO4,84,Wi-Fi 6,fw3.8.19,1,Zone-B,Active,90
714783,SEN-864636,Ultrasonic,Sick AG,M118-Lite,2020-08-15,2021-08-07,91.44,1000,-13,67,IP65,Li-Ion,19,Wi-Fi 6,fw4.0.4,1,Zone-F,Calibrating,180
714844,SEN-278659,LiDAR,Hokuyo,M966-Plus,2022-06-14,2022-09-26,93.84,200,-27,68,IP65,Wired,327,Zigbee,fw4.1.8,1,Zone-B,Active,180
714934,SEN-310840,Force,Keyence,M141-Plus,2022-05-27,2023-01-05,94.04,50,-28,66,IP67,LiFePO4,315,Zigbee,fw1.1.16,1,Zone-A,Faulty,90
715740,SEN-914616,IMU,Hokuyo,M359-Pro,2023-07-21,2023-10-02,92.02,1000,-6,71,IP54,Li-Ion,350,Bluetooth 5,fw3.0.11,1,Zone-E,Active,180
716051,SEN-499067,Current,Lumenera,M513-Ultra,2024-12-22,2025-10-02,92.77,50,-7,62,IP67,Wired,252,Bluetooth 5,fw4.2.9,0,Zone-C,Active,30
716322,SEN-619435,Ultrasonic,Keyence,M444-Pro,2020-02-03,2020-06-13,93.3,100,-21,52,IP54,LiFePO4,160,Bluetooth 5,fw2.6.12,1,Zone-C,Active,60
716385,SEN-500168,ToF,Cognex,M415-Ultra,2024-07-27,2025-06-07,98.08,50,-1,83,IP67,Wired,39,Wi-Fi 6,fw2.4.15,1,Zone-D,Offline,90
716393,SEN-203484,Temperature,Keyence,M159-Ultra,2022-02-04,2022-04-20,95.52,25,-5,59,IP65,Lead-Acid,324,Bluetooth 5,fw4.8.8,1,Zone-C,Active,365
716845,SEN-888691,Ultrasonic,Bosch,M235-Ultra,2025-07-13,2026-01-16,93.76,50,-13,61,IP65,Wired,321,Ethernet,fw4.4.7,1,Zone-B,Calibrating,180
717194,SEN-901730,ToF,Keyence,M859-Lite,2024-06-05,2025-05-10,91.63,10,-25,70,IP65,NiMH,153,RS-485,fw2.8.6,1,Zone-C,Calibrating,60
717440,SEN-780551,LiDAR,Hokuyo,M560-Lite,2024-01-15,2024-09-07,99.1,50,-6,80,IP67,Wired,115,LoRa,fw2.5.14,1,Zone-C,Active,90
717680,SEN-975974,Ultrasonic,Bosch,M981-Plus,2019-11-22,2020-08-07,96.84,1000,-22,51,IP54,NiMH,114,LoRa,fw1.8.16,1,Zone-D,Calibrating,90
717795,SEN-977074,Camera,Keyence,M428-Lite,2022-08-01,2023-02-02,92.73,500,-10,79,IP67,Lead-Acid,116,RS-485,fw1.1.0,1,Zone-D,Faulty,90
718187,SEN-559501,Current,Velodyne,M565-Pro,2019-03-21,2019-12-13,98.61,25,-3,51,IP67,Lead-Acid,140,Bluetooth 5,fw3.0.8,1,Zone-A,Faulty,90
718292,SEN-305809,Proximity,Sick AG,M950-Lite,2024-07-07,2024-10-25,94.67,1000,-8,84,IP65,Li-Ion,257,Wi-Fi 6,fw2.7.7,1,Zone-F,Active,90
718381,SEN-179535,Current,Velodyne,M591-Plus,2023-03-23,2023-06-06,91.77,1000,-1,50,IP54,NiMH,278,LoRa,fw1.0.9,0,Zone-F,Active,90
718740,SEN-815642,LiDAR,Sick AG,M883-Ultra,2023-01-15,2023-06-04,97.02,500,-8,81,IP67,Li-Ion,349,Zigbee,fw3.5.14,1,Zone-D,Calibrating,90
719134,SEN-235029,Encoder,Hokuyo,M658-Plus,2022-02-03,2022-03-11,92.74,100,-3,75,IP54,NiMH,338,Wi-Fi 6,fw1.0.2,1,Zone-F,Active,60
719401,SEN-335593,Current,Keyence,M903-Plus,2023-03-06,2023-12-06,97.72,100,-20,72,IP54,Wired,65,Ethernet,fw4.7.4,1,Zone-B,Offline,60
719835,SEN-564308,Ultrasonic,Velodyne,M992-Pro,2020-05-25,2021-02-10,96.5,100,-4,83,IP65,Wired,76,Bluetooth 5,fw3.5.6,1,Zone-A,Active,180
720202,SEN-443100,LiDAR,Banner,M927-Plus,2021-08-09,2022-07-22,93.06,50,-25,71,IP67,Li-Ion,15,Bluetooth 5,fw2.8.11,1,Zone-C,Active,90
720218,SEN-357371,Proximity,Lumenera,M761-Lite,2022-08-23,2022-09-24,94.9,1000,-21,59,IP54,Li-Ion,290,Zigbee,fw1.2.14,1,Zone-F,Calibrating,365
720279,SEN-600823,Proximity,Hokuyo,M252-Pro,2019-01-13,2019-08-03,98.49,500,-9,71,IP54,Lead-Acid,317,CAN Bus,fw2.7.0,1,Zone-C,Active,365
720679,SEN-711709,Force,Keyence,M706-Lite,2021-07-16,2021-09-06,96.69,200,-29,77,IP67,LiFePO4,38,Wi-Fi 6,fw1.7.6,0,Zone-B,Calibrating,365
721031,SEN-863786,Ultrasonic,Keyence,M404-Ultra,2024-08-06,2025-01-28,90.84,100,-10,66,IP65,Li-Ion,24,Ethernet,fw3.0.5,1,Zone-F,Active,60
721245,SEN-816403,Camera,Pepperl+Fuchs,M370-Lite,2021-10-18,2021-12-10,98.48,1000,-20,68,IP67,Li-Ion,360,Wi-Fi 6,fw2.7.9,1,Zone-E,Active,180
722298,SEN-107231,Temperature,Sick AG,M445-Lite,2025-10-12,2026-08-24,92.85,1000,-14,55,IP67,Wired,107,Ethernet,fw3.7.2,1,Zone-B,Calibrating,90
723208,SEN-100757,Proximity,FLIR,M366-Pro,2022-04-22,2023-03-16,92.65,50,-10,81,IP68,Wired,128,Wi-Fi 6,fw1.6.13,1,Zone-E,Faulty,60
724695,SEN-379244,Ultrasonic,Sick AG,M173-Ultra,2023-04-09,2023-11-17,95.57,10,-15,72,IP54,Lead-Acid,23,Wi-Fi 6,fw2.5.8,1,Zone-E,Active,60
724857,SEN-163826,Camera,Hokuyo,M311-Ultra,2024-09-13,2024-10-20,97.47,500,-27,81,IP68,Li-Ion,156,Zigbee,fw4.1.5,1,Zone-C,Faulty,90
725102,SEN-206305,LiDAR,Keyence,M163-Lite,2019-01-14,2019-08-03,90.74,500,-21,71,IP65,Li-Ion,278,CAN Bus,fw4.0.8,0,Zone-B,Active,90
725778,SEN-518461,Temperature,Pepperl+Fuchs,M190-Plus,2022-07-25,2022-12-21,90.92,10,-1,64,IP65,LiFePO4,166,Ethernet,fw1.1.4,1,Zone-D,Active,90
725804,SEN-881727,LiDAR,Lumenera,M496-Plus,2025-04-16,2026-01-08,93.16,500,-5,74,IP65,Li-Ion,147,Zigbee,fw1.1.15,1,Zone-A,Active,60
725993,SEN-300005,ToF,Cognex,M703-Lite,2021-02-07,2021-05-25,90.6,100,-30,75,IP67,LiFePO4,226,Wi-Fi 6,fw3.7.7,1,Zone-C,Calibrating,90
726449,SEN-424593,Camera,Pepperl+Fuchs,M688-Lite,2025-10-08,2025-12-20,95.79,500,-4,63,IP65,Wired,338,Zigbee,fw2.3.2,1,Zone-F,Active,90
726716,SEN-296619,LiDAR,Bosch,M387-Ultra,2023-02-24,2023-06-19,97.2,100,-16,51,IP67,Li-Ion,289,Wi-Fi 6,fw1.2.11,0,Zone-C,Calibrating,90
726727,SEN-106700,Temperature,Cognex,M205-Plus,2024-04-22,2024-09-21,90.43,500,-4,80,IP67,Lead-Acid,269,Bluetooth 5,fw2.2.13,1,Zone-C,Active,180
726821,SEN-774679,LiDAR,Lumenera,M455-Lite,2021-08-26,2022-02-27,91.0,10,-30,77,IP68,Wired,124,CAN Bus,fw1.3.19,1,Zone-A,Faulty,30
726851,SEN-405632,ToF,Keyence,M921-Plus,2025-08-04,2025-10-04,92.27,200,-17,55,IP54,Wired,146,RS-485,fw3.8.12,1,Zone-E,Active,90
727710,SEN-905019,Temperature,Keyence,M459-Plus,2022-10-12,2023-10-06,91.86,200,-30,52,IP67,Li-Ion,319,RS-485,fw3.3.13,1,Zone-F,Active,30
727882,SEN-332495,Current,Keyence,M342-Ultra,2021-11-14,2022-01-01,94.45,50,-12,59,IP65,LiFePO4,312,Zigbee,fw4.5.17,1,Zone-B,Active,90
728130,SEN-654353,Encoder,Velodyne,M552-Ultra,2021-10-18,2021-11-28,91.33,500,-7,77,IP67,LiFePO4,336,Zigbee,fw3.1.15,1,Zone-A,Active,90
728476,SEN-187663,Temperature,Cognex,M229-Ultra,2022-09-01,2023-08-07,90.88,25,-24,73,IP65,NiMH,300,Bluetooth 5,fw1.0.17,1,Zone-F,Active,60
729033,SEN-583544,LiDAR,Keyence,M308-Plus,2020-03-23,2020-05-26,97.51,100,-25,57,IP67,Li-Ion,92,Wi-Fi 6,fw2.3.5,1,Zone-D,Offline,90
729354,SEN-903399,IMU,Sick AG,M538-Plus,2021-12-05,2022-06-29,98.2,500,-27,73,IP67,LiFePO4,315,Bluetooth 5,fw1.6.12,1,Zone-B,Calibrating,30
729947,SEN-111485,Temperature,Lumenera,M648-Ultra,2025-02-06,2025-09-08,99.0,25,-5,68,IP65,Wired,245,Bluetooth 5,fw1.0.9,1,Zone-E,Calibrating,60
730175,SEN-792119,Force,Keyence,M326-Lite,2023-12-07,2024-06-13,96.8,500,-28,68,IP54,Li-Ion,31,Wi-Fi 6,fw2.2.7,1,Zone-E,Active,365
730250,SEN-341137,LiDAR,Bosch,M483-Lite,2020-09-27,2020-12-03,90.48,200,-4,63,IP67,Lead-Acid,138,Wi-Fi 6,fw1.5.2,0,Zone-B,Active,90
730282,SEN-901471,Current,Banner,M762-Pro,2019-07-29,2020-06-20,93.79,25,-30,58,IP67,Li-Ion,304,Ethernet,fw3.1.0,1,Zone-C,Active,60
730283,SEN-359411,Ultrasonic,Velodyne,M282-Ultra,2022-12-22,2023-07-10,95.04,200,-19,75,IP54,LiFePO4,247,LoRa,fw3.6.3,1,Zone-A,Active,90
730575,SEN-128047,LiDAR,FLIR,M313-Ultra,2021-10-17,2022-06-01,96.97,25,-7,65,IP65,LiFePO4,317,Ethernet,fw2.5.17,1,Zone-A,Active,180
731188,SEN-352333,Ultrasonic,FLIR,M912-Pro,2022-09-24,2023-07-10,95.84,200,-13,56,IP67,LiFePO4,191,Wi-Fi 6,fw2.7.4,1,Zone-C,Active,365
731369,SEN-984256,LiDAR,FLIR,M692-Ultra,2019-08-18,2020-01-14,92.4,1000,-15,83,IP54,Wired,173,LoRa,fw3.7.8,1,Zone-D,Active,90
731656,SEN-690293,IMU,Velodyne,M864-Pro,2022-08-12,2023-06-28,99.78,100,-7,84,IP65,Lead-Acid,99,Wi-Fi 6,fw3.1.5,1,Zone-A,Active,60
732221,SEN-779374,Ultrasonic,Pepperl+Fuchs,M783-Plus,2023-11-14,2024-01-30,92.99,100,-10,75,IP54,Li-Ion,52,Bluetooth 5,fw3.4.18,1,Zone-B,Active,90
732627,SEN-311014,ToF,Banner,M942-Ultra,2019-06-04,2020-01-19,92.02,25,-23,66,IP65,Wired,231,Ethernet,fw2.6.4,1,Zone-D,Active,60
733485,SEN-889870,Camera,FLIR,M503-Plus,2025-10-09,2025-12-05,96.27,25,-16,61,IP67,Wired,136,Wi-Fi 6,fw3.1.13,1,Zone-A,Calibrating,90
734524,SEN-466721,Proximity,Velodyne,M419-Ultra,2020-06-23,2020-12-08,91.31,100,-16,82,IP67,Lead-Acid,319,Wi-Fi 6,fw4.0.2,1,Zone-C,Active,90
734676,SEN-357953,Encoder,Banner,M734-Pro,2024-06-17,2024-10-30,90.82,100,-26,84,IP65,NiMH,162,Wi-Fi 6,fw3.5.16,1,Zone-F,Active,365
734821,SEN-954851,Ultrasonic,Velodyne,M222-Pro,2021-07-05,2021-09-18,96.63,100,-4,71,IP68,Li-Ion,65,Ethernet,fw2.4.1,1,Zone-A,Faulty,90
735011,SEN-436045,Ultrasonic,Keyence,M724-Pro,2022-04-17,2023-02-01,90.38,1000,-5,74,IP67,LiFePO4,149,Zigbee,fw1.4.13,1,Zone-D,Active,365
735083,SEN-426550,IMU,Pepperl+Fuchs,M293-Plus,2019-06-08,2019-12-06,99.37,50,-22,77,IP65,Wired,225,Zigbee,fw2.0.0,1,Zone-B,Offline,180
736128,SEN-656179,LiDAR,Lumenera,M310-Lite,2022-08-13,2023-02-17,96.63,10,-26,75,IP65,Lead-Acid,195,CAN Bus,fw1.6.16,1,Zone-F,Calibrating,180
736710,SEN-964599,ToF,Keyence,M546-Pro,2020-10-07,2021-07-10,96.17,10,-25,67,IP65,Wired,21,Bluetooth 5,fw1.4.13,1,Zone-E,Active,90
737095,SEN-341417,Current,FLIR,M121-Ultra,2022-10-27,2023-06-12,90.78,500,-23,52,IP67,Li-Ion,182,Zigbee,fw3.1.6,1,Zone-F,Offline,90
737238,SEN-448459,LiDAR,Banner,M682-Lite,2021-04-12,2021-12-23,94.91,50,-27,77,IP54,LiFePO4,20,CAN Bus,fw2.6.17,0,Zone-B,Active,90
737380,SEN-723705,Force,Keyence,M971-Ultra,2023-10-29,2024-06-20,96.28,10,-24,58,IP68,NiMH,258,Zigbee,fw2.5.0,1,Zone-D,Active,90
737535,SEN-616595,Temperature,Cognex,M955-Pro,2023-09-20,2024-03-20,94.85,100,-24,74,IP65,LiFePO4,56,Zigbee,fw2.3.1,1,Zone-E,Active,30
737673,SEN-317121,ToF,Banner,M910-Plus,2023-05-13,2024-02-23,93.51,500,-11,68,IP65,LiFePO4,341,Bluetooth 5,fw1.1.8,1,Zone-A,Active,180
737981,SEN-700749,IMU,Velodyne,M832-Lite,2019-11-17,2020-06-12,99.79,500,-6,76,IP65,Li-Ion,170,LoRa,fw4.5.9,1,Zone-D,Active,90
738035,SEN-175971,Temperature,Banner,M575-Pro,2021-06-08,2022-02-27,97.25,100,-23,71,IP54,NiMH,197,LoRa,fw1.4.9,1,Zone-F,Calibrating,90
738828,SEN-501657,Encoder,Sick AG,M127-Lite,2019-07-05,2019-10-24,99.27,200,-2,50,IP54,Wired,299,RS-485,fw4.1.14,1,Zone-F,Faulty,180
739065,SEN-979877,Encoder,Cognex,M971-Pro,2023-09-05,2024-01-17,97.54,1000,-19,68,IP67,LiFePO4,363,Zigbee,fw1.0.16,1,Zone-C,Active,180
740242,SEN-751932,LiDAR,Cognex,M838-Plus,2020-08-14,2020-12-13,97.38,500,-17,66,IP65,Li-Ion,216,Wi-Fi 6,fw3.2.12,1,Zone-C,Faulty,365
740653,SEN-710362,Current,FLIR,M777-Ultra,2022-05-12,2023-01-19,91.56,25,-8,75,IP67,Wired,334,CAN Bus,fw3.6.8,1,Zone-C,Active,30
741180,SEN-530650,IMU,Pepperl+Fuchs,M733-Pro,2022-04-28,2022-12-04,93.18,100,-12,65,IP67,LiFePO4,80,Ethernet,fw3.0.3,1,Zone-C,Active,60
741429,SEN-213924,IMU,Keyence,M845-Plus,2022-06-28,2022-10-06,95.84,10,-23,61,IP67,Wired,139,Zigbee,fw1.2.0,1,Zone-B,Active,180
741430,SEN-549748,Current,Lumenera,M237-Lite,2021-03-28,2021-06-24,96.83,50,-10,61,IP65,Li-Ion,160,Bluetooth 5,fw2.1.1,1,Zone-A,Active,90
742390,SEN-363678,ToF,Banner,M598-Pro,2025-11-27,2026-08-13,96.43,25,-12,57,IP67,NiMH,38,Bluetooth 5,fw4.8.4,1,Zone-D,Active,180
742537,SEN-489647,Proximity,Velodyne,M442-Ultra,2024-07-01,2024-12-28,95.95,10,-11,83,IP65,Li-Ion,224,Wi-Fi 6,fw2.4.14,1,Zone-B,Active,90
742554,SEN-171856,LiDAR,Cognex,M621-Lite,2019-04-11,2020-03-30,97.93,25,-22,55,IP65,Li-Ion,343,Bluetooth 5,fw3.2.0,1,Zone-D,Faulty,90
742855,SEN-148321,Ultrasonic,FLIR,M743-Lite,2021-10-28,2022-07-06,90.32,500,-10,68,IP54,LiFePO4,331,Ethernet,fw1.3.17,1,Zone-C,Active,90
743255,SEN-616973,Proximity,Lumenera,M348-Pro,2019-03-18,2020-03-13,90.98,10,-27,54,IP54,LiFePO4,349,Wi-Fi 6,fw4.2.0,0,Zone-A,Active,90
743330,SEN-234047,Temperature,Bosch,M287-Ultra,2020-08-23,2021-07-21,93.72,10,-28,71,IP65,Li-Ion,156,RS-485,fw3.8.13,1,Zone-F,Active,180
744149,SEN-271834,Encoder,FLIR,M491-Pro,2020-08-29,2020-12-21,98.96,100,-9,75,IP65,Li-Ion,143,Zigbee,fw3.4.19,1,Zone-C,Faulty,90
744453,SEN-686334,Current,FLIR,M179-Plus,2021-08-22,2022-01-08,99.02,1000,-13,60,IP67,Li-Ion,40,CAN Bus,fw2.8.0,1,Zone-D,Faulty,60
744760,SEN-703507,Camera,Hokuyo,M775-Lite,2020-10-04,2021-04-13,97.2,25,-20,54,IP67,LiFePO4,38,Wi-Fi 6,fw2.6.1,1,Zone-D,Active,90
744788,SEN-773336,Encoder,Velodyne,M637-Pro,2020-11-24,2021-10-09,92.45,200,-3,70,IP67,Wired,42,Ethernet,fw2.6.19,0,Zone-C,Active,60
744874,SEN-689787,LiDAR,Keyence,M710-Lite,2021-02-10,2021-04-26,91.27,50,-16,82,IP65,Li-Ion,356,Wi-Fi 6,fw2.7.9,1,Zone-C,Active,60
744957,SEN-708555,Camera,Keyence,M756-Plus,2022-08-10,2023-07-26,94.49,10,-9,73,IP65,Wired,18,Ethernet,fw3.0.10,1,Zone-A,Active,90
745247,SEN-310769,IMU,Keyence,M804-Lite,2024-10-29,2025-02-13,96.93,200,-20,66,IP67,LiFePO4,87,Wi-Fi 6,fw2.6.6,1,Zone-C,Faulty,365
745380,SEN-166491,Ultrasonic,Velodyne,M747-Lite,2024-09-29,2025-09-22,98.59,100,-5,67,IP54,Li-Ion,110,Ethernet,fw1.0.17,1,Zone-D,Active,90
745464,SEN-392080,Camera,Sick AG,M494-Plus,2023-04-25,2023-09-15,91.39,100,-14,66,IP65,Lead-Acid,122,Bluetooth 5,fw4.6.15,1,Zone-E,Active,60
745918,SEN-255611,Force,Keyence,M136-Pro,2025-04-24,2025-12-12,91.8,50,-12,62,IP65,Wired,71,RS-485,fw3.8.4,1,Zone-F,Active,365
746042,SEN-411114,Encoder,Hokuyo,M530-Pro,2024-10-18,2025-04-12,94.5,10,-3,55,IP67,NiMH,170,Bluetooth 5,fw3.0.6,1,Zone-E,Active,90
746166,SEN-246911,Ultrasonic,Cognex,M187-Plus,2022-05-30,2023-04-03,97.24,1000,-11,60,IP67,Li-Ion,166,Wi-Fi 6,fw2.1.2,1,Zone-C,Calibrating,180
746514,SEN-156045,Proximity,Bosch,M402-Pro,2022-06-12,2022-12-11,94.68,50,-3,50,IP68,Li-Ion,178,Bluetooth 5,fw1.4.7,1,Zone-F,Active,60
747197,SEN-439821,LiDAR,Pepperl+Fuchs,M812-Pro,2024-11-08,2025-09-22,95.99,100,-10,59,IP67,Wired,217,Wi-Fi 6,fw2.3.5,0,Zone-E,Faulty,90
747277,SEN-979659,ToF,Bosch,M557-Plus,2025-07-13,2025-11-11,92.52,100,-1,83,IP65,Li-Ion,84,Wi-Fi 6,fw4.6.3,1,Zone-A,Calibrating,365
747714,SEN-907838,IMU,Sick AG,M653-Ultra,2024-07-02,2025-03-18,99.33,500,-18,56,IP65,LiFePO4,307,Ethernet,fw3.2.0,1,Zone-C,Active,90
747979,SEN-495680,Camera,Velodyne,M178-Lite,2020-03-29,2020-12-26,93.5,10,-27,68,IP67,LiFePO4,278,Bluetooth 5,fw3.6.8,1,Zone-B,Calibrating,60
748037,SEN-125676,LiDAR,Hokuyo,M469-Plus,2021-12-03,2022-07-01,91.65,50,-30,69,IP54,Li-Ion,238,Bluetooth 5,fw4.0.11,1,Zone-D,Offline,60
748504,SEN-140981,LiDAR,Keyence,M986-Lite,2024-06-24,2025-04-15,96.04,10,-7,56,IP67,LiFePO4,98,Wi-Fi 6,fw2.7.14,1,Zone-A,Active,30
749281,SEN-415585,LiDAR,Sick AG,M774-Plus,2019-04-19,2019-11-20,98.95,500,-21,57,IP65,LiFePO4,155,RS-485,fw3.7.4,1,Zone-E,Active,60
749574,SEN-745961,LiDAR,Cognex,M793-Pro,2024-11-18,2025-04-30,93.85,25,-16,80,IP65,LiFePO4,144,Ethernet,fw2.1.5,1,Zone-D,Active,365
749636,SEN-787567,Camera,Hokuyo,M405-Plus,2024-08-22,2025-08-15,91.93,50,-13,66,IP54,Li-Ion,207,LoRa,fw1.3.3,1,Zone-D,Active,90
749963,SEN-670182,ToF,Sick AG,M699-Ultra,2020-02-06,2020-08-24,97.9,100,-14,68,IP68,Li-Ion,217,LoRa,fw4.2.11,1,Zone-F,Active,60
750180,SEN-724414,Camera,Banner,M446-Ultra,2021-09-16,2022-04-29,98.72,1000,-21,52,IP54,LiFePO4,199,Wi-Fi 6,fw1.4.10,1,Zone-D,Active,30
750594,SEN-968099,Temperature,Cognex,M849-Pro,2025-08-11,2026-06-19,96.19,25,-28,58,IP54,LiFePO4,246,Wi-Fi 6,fw3.0.10,0,Zone-C,Active,30
752378,SEN-474282,ToF,Keyence,M645-Pro,2023-11-15,2024-11-06,98.41,200,-22,81,IP67,Li-Ion,269,Wi-Fi 6,fw4.7.13,1,Zone-A,Active,60
752778,SEN-614447,LiDAR,Keyence,M791-Ultra,2020-05-29,2020-10-09,90.76,25,-26,71,IP54,Li-Ion,79,Wi-Fi 6,fw2.2.0,1,Zone-D,Offline,90
753179,SEN-179614,ToF,Sick AG,M122-Ultra,2025-09-13,2026-09-10,97.39,200,-12,60,IP67,LiFePO4,304,Bluetooth 5,fw2.8.3,1,Zone-E,Faulty,60
753432,SEN-330125,Temperature,Bosch,M300-Ultra,2021-02-19,2021-06-04,97.5,200,-14,60,IP65,Lead-Acid,235,LoRa,fw3.2.15,0,Zone-F,Active,90
753740,SEN-674487,Force,Bosch,M600-Pro,2019-03-02,2019-08-03,99.52,500,-4,82,IP67,NiMH,14,Zigbee,fw1.8.13,1,Zone-F,Calibrating,60
754075,SEN-527877,Current,FLIR,M543-Plus,2021-09-29,2022-02-06,99.88,200,-19,59,IP67,Li-Ion,294,Zigbee,fw1.7.16,1,Zone-D,Active,30
754120,SEN-562062,Camera,Pepperl+Fuchs,M927-Plus,2019-07-14,2019-09-19,95.15,50,-9,78,IP68,NiMH,176,Wi-Fi 6,fw3.2.14,1,Zone-E,Active,90
754256,SEN-553050,Current,Lumenera,M856-Lite,2023-03-03,2024-02-19,90.59,500,-12,73,IP65,Li-Ion,187,Wi-Fi 6,fw3.3.9,1,Zone-D,Active,90
754790,SEN-510259,ToF,FLIR,M985-Pro,2025-03-26,2025-05-18,99.37,200,-20,63,IP67,NiMH,346,RS-485,fw3.0.9,1,Zone-A,Active,30
754805,SEN-520503,Encoder,Cognex,M707-Plus,2020-05-07,2020-12-18,98.82,10,-4,66,IP65,Lead-Acid,110,Zigbee,fw2.7.3,1,Zone-C,Active,180
754949,SEN-646934,LiDAR,Velodyne,M977-Lite,2023-03-20,2023-12-25,98.08,1000,-29,82,IP67,LiFePO4,363,Bluetooth 5,fw1.8.11,1,Zone-D,Active,180
755900,SEN-601638,Ultrasonic,Velodyne,M329-Pro,2019-02-21,2019-12-13,91.64,200,-15,74,IP54,Li-Ion,169,CAN Bus,fw4.4.15,0,Zone-F,Active,365
755964,SEN-553841,Ultrasonic,Bosch,M517-Lite,2023-04-17,2024-02-26,93.54,50,-21,60,IP65,NiMH,192,CAN Bus,fw3.0.12,1,Zone-B,Calibrating,90
756446,SEN-924714,ToF,Lumenera,M126-Pro,2021-08-31,2022-06-22,95.31,10,-16,52,IP54,NiMH,317,LoRa,fw1.8.12,1,Zone-F,Active,180
756528,SEN-738390,IMU,Keyence,M814-Lite,2025-05-25,2025-10-28,99.52,200,-18,54,IP65,Lead-Acid,104,Zigbee,fw2.2.17,1,Zone-A,Active,60
756840,SEN-650719,IMU,FLIR,M609-Lite,2020-06-11,2021-02-16,91.51,100,-4,61,IP54,Wired,83,Bluetooth 5,fw4.7.12,1,Zone-F,Active,180
757925,SEN-871515,Current,Lumenera,M953-Lite,2023-08-02,2023-11-27,90.0,100,-25,84,IP65,Li-Ion,195,Bluetooth 5,fw1.3.16,1,Zone-E,Active,30
758149,SEN-324709,IMU,Cognex,M480-Lite,2022-02-11,2022-04-12,91.79,50,-16,82,IP65,LiFePO4,272,Wi-Fi 6,fw1.6.16,1,Zone-E,Active,60
758220,SEN-301536,Current,FLIR,M555-Pro,2023-08-07,2024-05-25,93.45,500,-20,56,IP67,LiFePO4,124,Bluetooth 5,fw1.3.8,1,Zone-A,Active,365
758399,SEN-939770,LiDAR,Velodyne,M905-Ultra,2022-01-23,2022-11-02,91.19,1000,-23,71,IP65,Li-Ion,29,LoRa,fw4.1.7,1,Zone-B,Active,180
758526,SEN-459592,Temperature,Banner,M262-Pro,2025-11-03,2026-11-01,91.27,200,-8,83,IP68,Li-Ion,254,Wi-Fi 6,fw1.4.11,0,Zone-B,Offline,30
759129,SEN-823610,IMU,Hokuyo,M804-Ultra,2022-01-06,2022-03-27,91.12,25,-30,72,IP67,Li-Ion,288,CAN Bus,fw4.8.19,1,Zone-D,Active,180
759506,SEN-890547,Camera,FLIR,M408-Pro,2024-11-21,2025-09-15,98.62,200,-20,56,IP65,LiFePO4,222,Bluetooth 5,fw1.1.1,1,Zone-C,Active,90
760017,SEN-576962,Temperature,Banner,M628-Lite,2019-02-25,2019-11-25,98.86,100,-1,69,IP67,LiFePO4,180,Wi-Fi 6,fw4.5.15,0,Zone-B,Active,90
760178,SEN-179768,Current,FLIR,M970-Ultra,2024-03-10,2024-07-21,92.94,1000,-4,56,IP68,Li-Ion,36,Zigbee,fw1.5.16,1,Zone-F,Offline,60
760210,SEN-414493,Current,Bosch,M416-Plus,2023-07-04,2023-10-28,93.81,50,-27,58,IP68,Li-Ion,215,RS-485,fw2.4.2,1,Zone-E,Active,365
760643,SEN-758526,Camera,Lumenera,M459-Pro,2021-03-13,2021-05-27,98.64,25,-19,62,IP54,Lead-Acid,228,Ethernet,fw1.1.9,1,Zone-B,Calibrating,180
761022,SEN-631687,Force,Pepperl+Fuchs,M188-Pro,2023-08-14,2023-10-19,99.83,1000,-13,60,IP67,Li-Ion,32,Bluetooth 5,fw4.6.2,1,Zone-F,Active,90
762012,SEN-627842,Temperature,Cognex,M184-Plus,2020-07-12,2020-11-21,96.75,50,-7,54,IP65,Li-Ion,129,LoRa,fw4.7.10,1,Zone-B,Active,60
762362,SEN-464425,LiDAR,Velodyne,M757-Pro,2020-05-14,2020-07-19,91.81,10,-25,72,IP65,NiMH,186,Zigbee,fw4.6.15,0,Zone-B,Active,90
762579,SEN-533066,Proximity,Banner,M628-Plus,2020-11-24,2021-03-17,97.86,1000,-19,71,IP65,Li-Ion,271,Ethernet,fw2.3.1,1,Zone-A,Active,60
762654,SEN-420479,LiDAR,Pepperl+Fuchs,M194-Ultra,2024-04-25,2025-02-22,92.9,25,-19,73,IP65,Lead-Acid,121,Wi-Fi 6,fw3.1.12,0,Zone-A,Active,90
762771,SEN-246361,ToF,Keyence,M131-Ultra,2020-03-29,2021-03-18,96.42,25,-13,52,IP65,LiFePO4,201,LoRa,fw4.3.3,1,Zone-C,Active,60
763527,SEN-417728,Ultrasonic,Lumenera,M551-Pro,2020-04-08,2020-11-13,94.99,25,-26,75,IP68,Li-Ion,24,Bluetooth 5,fw4.3.10,1,Zone-A,Active,60
763536,SEN-800254,Encoder,Pepperl+Fuchs,M757-Lite,2023-03-10,2023-04-13,95.39,200,-14,69,IP65,Wired,102,LoRa,fw3.0.3,1,Zone-C,Calibrating,90
764863,SEN-200846,ToF,Hokuyo,M419-Lite,2021-09-21,2022-08-11,92.55,100,-29,81,IP67,Li-Ion,284,Bluetooth 5,fw4.6.5,1,Zone-E,Active,365
765466,SEN-368736,Proximity,Banner,M420-Ultra,2024-03-23,2024-11-19,99.44,200,-4,66,IP68,NiMH,112,LoRa,fw3.2.8,1,Zone-A,Active,180
765505,SEN-322330,Temperature,Lumenera,M709-Plus,2025-11-13,2025-12-15,91.82,25,-10,59,IP65,Li-Ion,174,CAN Bus,fw4.3.3,1,Zone-C,Active,90
765518,SEN-329946,LiDAR,Velodyne,M690-Lite,2019-01-21,2019-09-20,91.56,50,-12,74,IP67,NiMH,303,CAN Bus,fw3.0.2,1,Zone-A,Active,60
765724,SEN-686090,LiDAR,Sick AG,M916-Ultra,2024-06-24,2024-08-13,95.67,10,-17,71,IP54,Li-Ion,291,Bluetooth 5,fw3.2.12,1,Zone-C,Active,365
765856,SEN-863871,Camera,Velodyne,M361-Pro,2023-05-05,2023-09-13,92.31,10,-18,66,IP67,Li-Ion,125,Wi-Fi 6,fw4.2.15,1,Zone-B,Active,90
765973,SEN-423465,Ultrasonic,Banner,M228-Lite,2020-04-23,2021-03-23,93.47,500,-19,61,IP65,Li-Ion,232,RS-485,fw3.4.5,1,Zone-D,Active,60
766827,SEN-822317,Camera,Hokuyo,M463-Pro,2025-03-11,2025-07-15,97.29,50,-29,53,IP67,NiMH,353,Wi-Fi 6,fw3.0.17,1,Zone-F,Active,90
766937,SEN-646927,Ultrasonic,Velodyne,M486-Plus,2022-11-23,2023-05-18,92.27,10,-18,63,IP65,Lead-Acid,41,Wi-Fi 6,fw2.6.4,1,Zone-D,Active,180
767074,SEN-690780,Ultrasonic,Pepperl+Fuchs,M588-Plus,2023-10-12,2024-03-19,96.89,10,-20,67,IP67,Wired,255,LoRa,fw3.3.2,1,Zone-A,Active,180
767218,SEN-362022,Ultrasonic,Hokuyo,M697-Plus,2019-10-12,2020-09-02,98.84,500,-10,58,IP65,LiFePO4,109,Bluetooth 5,fw4.8.8,1,Zone-A,Active,90
767254,SEN-199507,Camera,Lumenera,M253-Plus,2022-08-05,2023-03-11,92.59,1000,-29,80,IP54,LiFePO4,216,Zigbee,fw3.7.1,1,Zone-D,Active,60
767394,SEN-334424,Proximity,Hokuyo,M354-Pro,2021-02-20,2021-12-11,99.73,200,-12,78,IP68,Li-Ion,307,Ethernet,fw3.8.13,1,Zone-B,Calibrating,180
767723,SEN-226419,Ultrasonic,Cognex,M654-Pro,2021-04-11,2021-06-12,94.02,25,-16,54,IP65,NiMH,167,CAN Bus,fw1.3.11,1,Zone-F,Offline,30
768261,SEN-551433,Temperature,Velodyne,M647-Lite,2019-06-13,2020-01-17,99.19,50,-30,65,IP54,LiFePO4,332,Ethernet,fw4.8.1,1,Zone-D,Calibrating,90
768428,SEN-933764,ToF,Sick AG,M385-Pro,2024-02-18,2024-07-17,98.24,1000,-24,59,IP54,Li-Ion,164,Zigbee,fw4.7.9,1,Zone-E,Active,180
768429,SEN-243360,Camera,Hokuyo,M688-Ultra,2024-12-16,2025-04-24,96.2,50,-9,73,IP67,Li-Ion,135,Zigbee,fw1.2.14,0,Zone-B,Active,90
768888,SEN-354436,IMU,Lumenera,M261-Pro,2023-07-03,2024-04-02,91.01,10,-14,65,IP67,Li-Ion,167,Wi-Fi 6,fw2.2.5,0,Zone-F,Active,90
768928,SEN-409201,Temperature,Pepperl+Fuchs,M743-Lite,2021-11-13,2022-02-14,95.93,1000,-6,51,IP65,Li-Ion,241,Wi-Fi 6,fw2.6.18,1,Zone-C,Active,180
769037,SEN-141585,Proximity,Lumenera,M939-Pro,2024-03-20,2024-12-25,95.81,100,-7,57,IP65,NiMH,63,CAN Bus,fw2.7.2,1,Zone-C,Active,60
769251,SEN-891397,Encoder,Keyence,M334-Ultra,2023-03-09,2023-07-23,95.44,500,-19,54,IP65,Lead-Acid,311,Wi-Fi 6,fw2.4.8,1,Zone-B,Active,90
769549,SEN-815985,Proximity,Pepperl+Fuchs,M918-Plus,2019-05-23,2019-10-24,93.89,50,-16,65,IP54,Li-Ion,16,CAN Bus,fw4.7.4,0,Zone-C,Faulty,60
769579,SEN-147918,Temperature,Hokuyo,M708-Ultra,2022-07-07,2023-01-10,97.51,500,-28,77,IP68,Li-Ion,253,RS-485,fw3.2.9,1,Zone-E,Active,180
769778,SEN-880697,LiDAR,Sick AG,M630-Lite,2023-12-11,2024-05-01,90.82,25,-24,60,IP67,Wired,261,Bluetooth 5,fw2.5.0,0,Zone-A,Active,30
770058,SEN-517169,IMU,Banner,M433-Plus,2020-05-31,2021-02-10,98.65,25,-21,84,IP68,NiMH,231,CAN Bus,fw3.0.14,1,Zone-F,Active,90
770247,SEN-963714,Camera,Lumenera,M683-Pro,2022-06-08,2023-05-10,91.81,50,-16,56,IP65,Lead-Acid,287,LoRa,fw1.6.18,1,Zone-B,Active,180
770332,SEN-496081,Temperature,Cognex,M503-Plus,2025-03-25,2025-04-24,91.64,500,-14,77,IP65,Lead-Acid,342,Bluetooth 5,fw3.1.0,1,Zone-B,Faulty,60
770388,SEN-381661,Force,Hokuyo,M833-Pro,2019-03-15,2020-02-23,97.87,25,-24,75,IP68,LiFePO4,153,Bluetooth 5,fw4.7.14,0,Zone-F,Active,90
770836,SEN-703591,ToF,Keyence,M520-Lite,2024-04-30,2024-10-15,93.68,10,-27,58,IP68,Li-Ion,333,CAN Bus,fw3.6.7,0,Zone-E,Active,90
770988,SEN-325210,Ultrasonic,FLIR,M805-Ultra,2023-06-26,2024-01-11,93.81,10,-2,54,IP54,NiMH,361,Zigbee,fw1.8.10,1,Zone-C,Active,180
771102,SEN-433945,LiDAR,Pepperl+Fuchs,M723-Ultra,2024-10-19,2025-05-21,99.62,200,-23,84,IP65,LiFePO4,53,Ethernet,fw1.8.1,0,Zone-E,Active,180
771519,SEN-436334,Current,Hokuyo,M531-Pro,2024-09-09,2024-12-31,95.87,500,-30,67,IP65,Li-Ion,173,RS-485,fw1.5.3,1,Zone-A,Active,60
771842,SEN-451116,IMU,Pepperl+Fuchs,M586-Lite,2025-05-19,2025-09-14,98.54,10,-22,76,IP54,Li-Ion,107,Wi-Fi 6,fw2.6.8,1,Zone-F,Active,60
772069,SEN-149771,Force,Lumenera,M877-Lite,2020-08-14,2021-03-09,99.79,25,-20,57,IP67,Li-Ion,53,Ethernet,fw4.0.16,1,Zone-C,Active,180
772467,SEN-739834,LiDAR,Velodyne,M804-Plus,2024-12-03,2025-03-08,96.35,1000,-9,52,IP54,Lead-Acid,185,Wi-Fi 6,fw2.7.0,1,Zone-F,Active,180
772562,SEN-594355,Current,Bosch,M305-Ultra,2022-05-10,2022-11-20,98.89,50,-29,56,IP65,LiFePO4,148,Zigbee,fw2.7.1,1,Zone-A,Active,90
772978,SEN-151243,IMU,Pepperl+Fuchs,M493-Pro,2019-05-03,2020-01-12,97.81,100,-15,58,IP67,Wired,270,CAN Bus,fw3.8.3,1,Zone-A,Active,30
773390,SEN-365137,IMU,Keyence,M506-Plus,2019-10-01,2020-01-10,96.92,10,-14,81,IP67,NiMH,150,CAN Bus,fw1.7.15,0,Zone-C,Active,90
773703,SEN-482208,LiDAR,Lumenera,M208-Ultra,2025-10-05,2026-06-06,95.55,10,-11,63,IP67,LiFePO4,279,LoRa,fw2.5.0,1,Zone-D,Calibrating,60
774024,SEN-702813,Encoder,Cognex,M469-Plus,2019-05-23,2020-02-18,97.36,200,-23,52,IP54,Lead-Acid,194,Wi-Fi 6,fw1.3.9,1,Zone-C,Active,60
774683,SEN-613543,LiDAR,Banner,M445-Lite,2020-06-02,2021-02-24,98.87,500,-18,57,IP65,NiMH,311,LoRa,fw3.5.10,1,Zone-A,Active,90
774965,SEN-635325,Force,Lumenera,M460-Lite,2023-03-16,2024-02-20,93.92,100,-16,67,IP65,Li-Ion,200,Bluetooth 5,fw1.2.18,1,Zone-A,Faulty,365
775234,SEN-522268,Ultrasonic,Cognex,M557-Plus,2022-11-11,2023-10-15,94.84,1000,-13,80,IP68,LiFePO4,307,Zigbee,fw3.4.0,1,Zone-A,Active,180
775857,SEN-497451,Proximity,Hokuyo,M699-Pro,2019-04-23,2019-12-20,90.74,200,-19,55,IP65,LiFePO4,210,Zigbee,fw2.0.15,1,Zone-A,Active,60
775953,SEN-516087,LiDAR,Pepperl+Fuchs,M843-Plus,2020-07-18,2020-10-29,95.41,10,-18,53,IP68,Lead-Acid,130,Bluetooth 5,fw3.4.1,0,Zone-E,Active,90
777443,SEN-553359,Temperature,Pepperl+Fuchs,M196-Lite,2019-10-22,2020-05-08,98.86,1000,-3,80,IP65,NiMH,36,Ethernet,fw2.2.15,0,Zone-E,Active,365
778681,SEN-857609,Camera,Cognex,M275-Plus,2019-02-28,2020-01-28,97.17,100,-26,84,IP68,LiFePO4,261,CAN Bus,fw4.1.12,1,Zone-D,Faulty,90
779152,SEN-705352,Ultrasonic,Banner,M922-Ultra,2020-08-10,2021-04-24,90.53,200,-18,71,IP54,LiFePO4,29,Wi-Fi 6,fw3.0.13,1,Zone-C,Active,90
779378,SEN-970680,Camera,Banner,M405-Lite,2025-08-10,2026-06-23,98.45,25,-1,76,IP65,LiFePO4,52,Bluetooth 5,fw1.3.1,0,Zone-F,Active,90
780364,SEN-910126,ToF,Hokuyo,M269-Pro,2019-02-14,2020-02-07,92.52,10,-8,65,IP65,Lead-Acid,68,Wi-Fi 6,fw4.7.2,1,Zone-F,Active,30
780555,SEN-333336,Ultrasonic,Lumenera,M913-Ultra,2023-04-24,2023-12-01,91.17,50,-16,66,IP68,NiMH,298,RS-485,fw2.7.4,1,Zone-D,Active,60
780950,SEN-756210,Encoder,Sick AG,M109-Lite,2020-08-07,2021-04-29,99.18,100,-5,77,IP65,Wired,282,Bluetooth 5,fw3.5.11,1,Zone-A,Offline,60
781004,SEN-672909,IMU,FLIR,M555-Ultra,2022-01-31,2022-09-26,96.37,1000,-16,72,IP65,Li-Ion,215,Wi-Fi 6,fw2.3.7,1,Zone-A,Active,60
781030,SEN-531400,IMU,Hokuyo,M349-Pro,2022-04-06,2022-08-07,93.53,500,-12,81,IP54,Wired,184,Wi-Fi 6,fw1.7.19,1,Zone-A,Active,60
781185,SEN-672345,Current,Velodyne,M228-Pro,2019-10-21,2020-08-17,95.32,500,-27,65,IP65,Lead-Acid,155,Wi-Fi 6,fw4.6.3,1,Zone-E,Offline,180
781305,SEN-161041,Ultrasonic,Cognex,M970-Pro,2019-11-11,2020-10-10,98.37,100,-16,73,IP54,LiFePO4,152,Wi-Fi 6,fw3.1.8,1,Zone-D,Active,180
781447,SEN-233079,Camera,Sick AG,M302-Pro,2023-07-08,2023-08-20,95.77,25,-1,60,IP67,Li-Ion,39,Bluetooth 5,fw4.2.6,1,Zone-B,Active,180
781488,SEN-286513,ToF,Velodyne,M556-Ultra,2024-09-20,2025-09-16,94.14,1000,-22,72,IP65,Li-Ion,292,Ethernet,fw2.3.13,1,Zone-B,Active,30
781844,SEN-367592,Encoder,Hokuyo,M653-Lite,2022-07-31,2022-10-22,97.52,1000,-9,50,IP54,Wired,206,Ethernet,fw2.4.17,1,Zone-A,Active,60
